"Date","Price","Open","High","Low","Vol.","Change %"
"04/09/2023","84.46","85.23","85.52","84.11","","-0.78%"
"04/02/2023","85.12","86.00","86.44","83.50","1.29M","6.55%"
"03/26/2023","79.89","74.62","79.95","74.39","1.68M","6.53%"
"03/19/2023","74.99","73.01","77.44","70.12","1.06M","2.77%"
"03/12/2023","72.97","82.60","83.48","71.40","2.13M","-11.85%"
"03/05/2023","82.78","85.83","86.75","80.73","1.49M","-3.55%"
"02/26/2023","85.83","83.19","86.00","81.73","840.91K","3.21%"
"02/19/2023","83.16","83.15","84.30","80.40","893.44K","0.19%"
"02/12/2023","83.00","86.51","86.95","81.80","1.19M","-3.92%"
"02/05/2023","86.39","79.61","86.90","79.10","1.43M","8.07%"
"01/29/2023","79.94","86.88","87.48","79.62","1.04M","-7.75%"
"01/22/2023","86.66","87.70","89.09","85.41","805.81K","-1.11%"
"01/15/2023","87.63","85.36","87.85","83.76","1.12M","2.76%"
"01/08/2023","85.28","78.42","85.50","78.42","1.24M","8.29%"
"01/01/2023","78.75","85.69","86.66","77.77","693.84K","-8.33%"
"12/25/2022","85.91","84.50","86.00","81.28","299.20K","2.37%"
"12/18/2022","83.92","79.21","84.12","78.28","755.00K","6.17%"
"12/11/2022","79.04","76.88","83.18","75.26","1.11M","3.86%"
"12/04/2022","76.10","85.73","88.44","75.11","1.32M","-11.07%"
"11/27/2022","85.57","83.58","89.37","80.61","607.40K","2.32%"
"11/20/2022","83.63","87.74","89.90","82.31","918.50K","-4.55%"
"11/13/2022","87.62","95.87","96.95","85.80","1.52M","-8.72%"
"11/06/2022","95.99","97.31","99.56","91.73","1.32M","-2.62%"
"10/30/2022","98.57","96.47","98.81","92.33","1.05M","2.92%"
"10/23/2022","95.77","93.59","97.27","91.22","657.23K","2.43%"
"10/16/2022","93.50","91.71","94.77","88.77","1.24M","2.04%"
"10/09/2022","91.63","98.75","98.75","91.08","1.22M","-6.42%"
"10/02/2022","97.92","86.35","98.58","86.35","1.33M","11.32%"
"09/25/2022","87.96","86.62","90.12","83.65","361.78K","2.10%"
"09/18/2022","86.15","91.43","93.50","85.50","894.41K","-5.69%"
"09/11/2022","91.35","92.54","95.80","90.03","1.20M","-1.60%"
"09/04/2022","92.84","93.02","96.99","87.24","1.08M","-0.19%"
"08/28/2022","93.02","100.67","105.48","91.81","630.48K","-7.89%"
"08/21/2022","100.99","95.95","102.47","92.36","894.13K","4.41%"
"08/14/2022","96.72","97.72","98.17","91.51","1.02M","-1.46%"
"08/07/2022","98.15","94.51","100.38","93.01","1.08M","3.40%"
"07/31/2022","94.92","103.92","104.43","92.78","1.28M","-13.72%"
"07/24/2022","110.01","103.85","110.67","101.64","401.33K","6.60%"
"07/17/2022","103.20","100.82","107.61","99.46","992.54K","2.02%"
"07/10/2022","101.16","107.00","107.70","94.50","1.25M","-5.48%"
"07/03/2022","107.02","111.65","114.75","98.50","1.40M","-4.13%"
"06/26/2022","111.63","112.92","120.41","108.03","480.74K","-1.32%"
"06/19/2022","113.12","113.88","116.25","107.03","988.78K","0.00%"
"06/12/2022","113.12","121.94","125.19","111.72","1.38M","-7.29%"
"06/05/2022","122.01","121.55","124.40","118.55","1.25M","1.91%"
"05/29/2022","119.72","119.28","125.28","112.45","654.69K","0.24%"
"05/22/2022","119.43","112.85","119.72","111.70","745.30K","6.11%"
"05/15/2022","112.55","111.67","115.69","105.70","1.19M","0.90%"
"05/08/2022","111.55","112.94","113.20","101.30","1.40M","-0.75%"
"05/01/2022","112.39","106.30","114.00","103.10","1.11M","2.79%"
"04/24/2022","109.34","105.49","110.30","99.48","446.95K","2.52%"
"04/17/2022","106.65","112.32","114.84","104.65","926.98K","-4.52%"
"04/10/2022","111.70","103.21","112.39","97.57","970.07K","8.68%"
"04/03/2022","102.78","104.08","109.90","98.41","1.22M","-1.54%"
"03/27/2022","104.39","119.90","119.90","102.35","564.13K","-13.48%"
"03/20/2022","120.65","107.50","123.74","107.06","936.80K","11.79%"
"03/13/2022","107.93","113.15","113.15","96.93","1.20M","-4.21%"
"03/06/2022","112.67","122.79","139.13","105.60","2.05M","-4.61%"
"02/27/2022","118.11","101.98","119.84","98.30","1.79M","20.61%"
"02/20/2022","97.93","94.29","105.79","92.57","1.01M","4.69%"
"02/13/2022","93.54","95.20","96.78","90.12","1.84M","-0.95%"
"02/06/2022","94.44","92.75","95.66","89.93","1.80M","1.25%"
"01/30/2022","93.27","90.80","93.70","87.72","1.23M","3.60%"
"01/23/2022","90.03","87.93","91.70","85.04","1.06M","2.43%"
"01/16/2022","87.89","86.15","89.50","85.54","1.42M","2.13%"
"01/09/2022","86.06","81.76","86.50","80.50","1.50M","5.27%"
"01/02/2022","81.75","78.11","83.00","77.04","1.46M","5.10%"
"12/26/2021","77.78","76.32","80.17","75.75","365.28K","2.15%"
"12/19/2021","76.14","72.82","77.00","69.28","906.32K","3.56%"
"12/12/2021","73.52","75.37","76.39","72.50","1.23M","-2.17%"
"12/05/2021","75.15","70.24","76.70","70.24","1.39M","7.54%"
"11/28/2021","69.88","73.88","77.02","65.72","1.43M","-3.91%"
"11/21/2021","72.72","78.58","83.00","72.14","1.20M","-7.82%"
"11/14/2021","78.89","81.92","83.14","78.05","1.81M","-3.99%"
"11/07/2021","82.17","82.58","85.50","81.26","1.61M","-0.69%"
"10/31/2021","82.74","83.63","85.23","80.20","1.85M","-1.94%"
"10/24/2021","84.38","85.65","86.70","82.32","807.77K","-1.34%"
"10/17/2021","85.53","84.95","86.10","83.36","1.76M","0.79%"
"10/10/2021","84.86","82.65","85.10","82.20","1.59M","3.00%"
"10/03/2021","82.39","79.49","83.47","78.75","1.86M","3.92%"
"09/26/2021","79.28","78.25","80.75","77.50","764.30K","1.52%"
"09/19/2021","78.09","75.33","78.24","73.26","1.22M","3.65%"
"09/12/2021","75.34","72.88","76.13","72.69","1.30M","3.32%"
"09/05/2021","72.92","72.57","73.20","70.88","1.34M","0.43%"
"08/29/2021","72.61","73.25","73.69","70.42","830.58K","-0.12%"
"08/22/2021","72.70","64.97","72.76","64.60","1.09M","11.54%"
"08/15/2021","65.18","70.05","70.45","64.94","1.45M","-7.66%"
"08/08/2021","70.59","70.26","71.90","67.60","1.35M","-0.16%"
"08/01/2021","70.70","75.39","75.39","69.75","1.54M","-7.38%"
"07/25/2021","76.33","74.12","76.38","72.75","596.86K","3.01%"
"07/18/2021","74.10","72.86","74.22","67.44","1.57M","0.69%"
"07/11/2021","73.59","75.79","76.72","72.34","1.53M","-2.59%"
"07/04/2021","75.55","76.23","77.84","72.11","1.52M","-0.81%"
"06/27/2021","76.17","75.99","76.74","73.90","893.49K","-0.01%"
"06/20/2021","76.18","73.33","76.21","72.98","1.13M","3.63%"
"06/13/2021","73.51","72.70","74.96","72.01","1.30M","1.13%"
"06/06/2021","72.69","71.82","73.09","70.71","1.40M","1.11%"
"05/30/2021","71.89","68.98","72.17","68.75","1.06M","3.25%"
"05/23/2021","69.63","66.72","69.92","66.46","652.78K","4.80%"
"05/16/2021","66.44","68.92","70.24","64.57","1.64M","-3.30%"
"05/09/2021","68.71","68.74","69.90","66.48","1.50M","0.63%"
"05/02/2021","68.28","66.70","69.95","66.10","1.22M","1.53%"
"04/25/2021","67.25","66.10","68.95","64.57","735.81K","1.72%"
"04/18/2021","66.11","66.70","68.08","64.58","1.21M","-0.99%"
"04/11/2021","66.77","63.03","67.38","62.41","1.28M","6.07%"
"04/04/2021","62.95","64.57","64.81","61.25","1.34M","-2.94%"
"03/28/2021","64.86","64.58","65.46","62.38","656.17K","0.45%"
"03/21/2021","64.57","64.53","65.12","60.27","1.23M","0.06%"
"03/14/2021","64.53","69.08","70.03","61.45","1.78M","-6.78%"
"03/07/2021","69.22","69.97","71.38","66.50","1.56M","-0.20%"
"02/28/2021","69.36","64.85","69.69","62.38","1.87M","4.88%"
"02/21/2021","66.13","62.68","67.70","62.55","700.39K","5.12%"
"02/14/2021","62.91","62.83","65.52","62.09","1.62M","0.77%"
"02/07/2021","62.43","59.43","62.83","59.43","1.39M","5.21%"
"01/31/2021","59.34","54.91","59.79","54.60","1.38M","6.19%"
"01/24/2021","55.88","55.26","56.59","55.07","636.30K","0.85%"
"01/17/2021","55.41","54.75","56.64","54.48","1.24M","0.56%"
"01/10/2021","55.10","56.24","57.42","54.64","1.54M","-1.59%"
"01/03/2021","55.99","51.50","56.36","50.56","1.86M","8.09%"
"12/27/2020","51.80","51.25","52.02","50.53","323.25K","0.99%"
"12/20/2020","51.29","52.22","52.32","49.20","762.16K","-1.86%"
"12/13/2020","52.26","50.05","52.48","49.13","1.13M","4.58%"
"12/06/2020","49.97","49.23","51.06","48.09","1.22M","1.46%"
"11/29/2020","49.25","47.91","49.92","46.82","1.09M","2.22%"
"11/22/2020","48.18","45.08","49.09","44.89","938.03K","7.16%"
"11/15/2020","44.96","42.71","45.24","42.71","1.21M","5.10%"
"11/08/2020","42.78","39.65","45.30","39.46","1.54M","8.44%"
"11/01/2020","39.45","37.37","41.53","35.74","1.33M","5.31%"
"10/25/2020","37.46","41.53","41.63","36.64","714.58K","-10.32%"
"10/18/2020","41.77","42.69","43.30","41.45","1.19M","-2.70%"
"10/11/2020","42.93","42.60","43.48","41.36","1.24M","0.19%"
"10/04/2020","42.85","39.19","43.57","39.14","1.33M","9.12%"
"09/27/2020","39.27","41.87","42.62","38.79","878.93K","-6.32%"
"09/20/2020","41.92","43.01","43.30","40.96","904.30K","-2.85%"
"09/13/2020","43.15","39.78","43.80","39.30","1.09M","8.34%"
"09/06/2020","39.83","42.20","42.43","39.31","1.19M","-6.63%"
"08/30/2020","42.66","45.80","46.53","42.30","1.19M","-5.31%"
"08/23/2020","45.05","44.50","46.10","44.29","610.85K","1.58%"
"08/16/2020","44.35","44.86","45.55","43.59","992.53K","-1.00%"
"08/09/2020","44.80","44.66","45.79","44.37","804.39K","0.90%"
"08/02/2020","44.40","43.53","46.23","42.89","1.03M","2.54%"
"07/26/2020","43.30","43.35","43.95","41.38","424.61K","-0.09%"
"07/19/2020","43.34","43.08","44.89","42.36","1.06M","0.46%"
"07/12/2020","43.14","43.12","43.85","41.80","988.16K","-0.23%"
"07/05/2020","43.24","42.79","43.71","41.32","1.01M","1.03%"
"06/28/2020","42.80","40.56","43.23","40.04","645.37K","4.34%"
"06/21/2020","41.02","41.74","43.93","39.47","852.77K","-2.77%"
"06/14/2020","42.19","38.80","42.92","37.24","1.03M","8.93%"
"06/07/2020","38.73","42.40","43.41","37.01","1.21M","-8.44%"
"05/31/2020","42.30","37.56","42.48","37.18","1.08M","19.73%"
"05/24/2020","35.33","34.98","36.68","33.62","356.89K","0.57%"
"05/17/2020","35.13","32.78","36.98","32.69","965.57K","8.09%"
"05/10/2020","32.50","30.70","32.91","28.86","1.10M","4.94%"
"05/03/2020","30.97","26.10","32.27","25.50","1.16M","17.13%"
"04/26/2020","26.44","21.55","27.88","18.73","598.83K","23.32%"
"04/19/2020","21.44","28.05","28.25","15.98","1.79M","-23.65%"
"04/12/2020","28.08","33.99","33.99","27.16","1.36M","-10.80%"
"04/05/2020","31.48","31.76","36.40","30.03","1.41M","-7.71%"
"03/29/2020","34.11","23.85","36.29","21.65","1.58M","36.82%"
"03/22/2020","24.93","26.75","28.65","24.13","863.35K","-7.60%"
"03/15/2020","26.98","35.82","35.84","24.52","1.60M","-20.30%"
"03/08/2020","33.85","38.28","39.70","31.02","2.64M","-25.23%"
"03/01/2020","45.27","48.95","53.90","45.18","2.19M","-10.39%"
"02/23/2020","50.52","57.85","57.86","50.05","750.62K","-13.64%"
"02/16/2020","58.50","57.29","60.00","56.30","1.13M","2.06%"
"02/09/2020","57.32","54.20","57.53","53.11","1.44M","5.23%"
"02/02/2020","54.47","56.16","56.77","53.69","1.95M","-6.34%"
"01/26/2020","58.16","60.23","60.62","57.71","775.28K","-4.17%"
"01/19/2020","60.69","65.98","66.00","60.25","1.30M","-6.41%"
"01/12/2020","64.85","65.13","65.60","63.55","1.22M","-0.20%"
"01/05/2020","64.98","69.35","71.75","64.56","1.82M","-5.28%"
"12/29/2019","68.60","68.20","69.50","65.63","885.81K","0.65%"
"12/22/2019","68.16","66.15","68.33","65.81","419.89K","3.05%"
"12/15/2019","66.14","65.05","66.78","64.88","1.16M","1.41%"
"12/08/2019","65.22","64.29","65.79","63.01","1.20M","1.29%"
"12/01/2019","64.39","60.73","64.88","60.30","1.47M","3.14%"
"11/24/2019","62.43","63.60","64.60","62.36","634.35K","-1.51%"
"11/17/2019","63.39","63.36","64.27","60.30","1.42M","0.14%"
"11/10/2019","63.30","62.60","63.65","61.22","1.21M","1.26%"
"11/03/2019","62.51","61.80","63.32","60.66","1.29M","1.33%"
"10/27/2019","61.69","62.04","62.34","59.40","660.65K","-0.53%"
"10/20/2019","62.02","59.23","62.11","58.26","1.21M","4.38%"
"10/13/2019","59.42","60.69","60.73","58.00","1.34M","-1.80%"
"10/06/2019","60.51","58.02","60.69","57.38","1.40M","3.67%"
"09/29/2019","58.37","62.24","62.24","56.15","1.26M","-5.72%"
"09/22/2019","61.91","65.23","65.50","60.76","835.42K","-3.69%"
"09/15/2019","64.28","66.45","71.95","63.04","2.13M","6.74%"
"09/08/2019","60.22","61.60","63.78","58.92","1.39M","-2.14%"
"09/01/2019","61.54","58.80","62.40","57.23","1.25M","1.84%"
"08/25/2019","60.43","58.35","61.19","58.24","692.16K","1.84%"
"08/18/2019","59.34","58.72","61.41","58.30","1.32M","1.19%"
"08/11/2019","58.64","58.30","61.50","57.67","1.39M","0.19%"
"08/04/2019","58.53","61.46","61.56","55.88","1.77M","-5.43%"
"07/28/2019","61.89","63.32","65.42","60.02","1.00M","-2.47%"
"07/21/2019","63.46","63.05","64.66","62.59","1.17M","1.58%"
"07/14/2019","62.47","66.87","67.47","61.29","1.59M","-6.37%"
"07/07/2019","66.72","64.34","67.65","63.76","1.39M","3.88%"
"06/30/2019","64.23","65.05","66.75","62.09","1.35M","-3.49%"
"06/23/2019","66.55","65.50","66.85","64.08","702.97K","2.07%"
"06/16/2019","65.20","62.07","65.76","60.25","1.54M","5.14%"
"06/09/2019","62.01","63.58","64.10","59.57","1.62M","-2.02%"
"06/02/2019","63.29","61.64","63.59","59.45","1.84M","-1.86%"
"05/26/2019","64.49","69.15","70.59","64.37","586.55K","-6.11%"
"05/19/2019","68.69","72.50","73.40","67.02","1.70M","-4.87%"
"05/12/2019","72.21","70.83","73.36","69.72","1.53M","2.25%"
"05/05/2019","70.62","70.59","71.79","68.79","1.48M","-0.32%"
"04/28/2019","70.85","71.56","73.27","69.68","999.99K","-1.80%"
"04/21/2019","72.15","71.93","75.60","71.30","1.42M","0.25%"
"04/14/2019","71.97","71.55","72.27","70.74","1.03M","0.59%"
"04/07/2019","71.55","70.56","71.87","70.30","1.36M","1.72%"
"03/31/2019","70.34","67.58","70.48","67.58","1.51M","2.85%"
"03/24/2019","68.39","67.00","68.89","66.36","714.71K","2.03%"
"03/17/2019","67.03","67.14","68.69","66.20","1.27M","-0.19%"
"03/10/2019","67.16","65.76","68.14","65.63","1.23M","2.16%"
"03/03/2019","65.74","64.97","67.00","64.02","1.33M","1.03%"
"02/24/2019","65.07","66.97","67.47","64.32","767.53K","-3.05%"
"02/17/2019","67.12","66.39","67.73","65.58","1.12M","1.31%"
"02/10/2019","66.25","62.11","66.39","60.90","1.41M","6.68%"
"02/03/2019","62.10","62.83","63.63","60.60","1.28M","-1.04%"
"01/27/2019","62.75","61.49","62.97","59.49","735.10K","1.80%"
"01/20/2019","61.64","62.74","63.15","60.21","1.22M","-1.69%"
"01/13/2019","62.70","60.62","63.00","58.90","1.38M","3.67%"
"01/06/2019","60.48","57.41","62.49","57.13","1.51M","5.99%"
"12/30/2018","57.06","53.00","58.31","52.51","1.01M","9.31%"
"12/23/2018","52.20","53.49","55.29","49.93","272.92K","-3.01%"
"12/16/2018","53.82","60.25","61.21","52.79","1.49M","-10.72%"
"12/09/2018","60.28","61.34","62.33","59.33","1.21M","-2.25%"
"12/02/2018","61.67","59.98","63.73","58.36","1.65M","5.04%"
"11/25/2018","58.71","58.98","61.40","57.50","810.95K","-0.15%"
"11/18/2018","58.80","66.99","67.64","58.41","1.46M","-11.92%"
"11/11/2018","66.76","70.69","71.88","64.61","1.79M","-4.87%"
"11/04/2018","70.18","72.85","74.13","69.13","1.53M","-3.64%"
"10/28/2018","72.83","77.64","78.03","72.16","940.86K","-6.17%"
"10/21/2018","77.62","80.11","80.41","75.11","1.60M","-2.71%"
"10/14/2018","79.78","81.00","81.92","78.69","1.60M","-0.81%"
"10/07/2018","80.43","84.17","85.45","79.23","1.82M","-4.43%"
"09/30/2018","84.16","82.79","86.74","82.55","1.62M","1.74%"
"09/23/2018","82.72","78.97","82.87","78.97","757.93K","4.97%"
"09/16/2018","78.80","78.07","80.12","77.46","1.34M","0.91%"
"09/09/2018","78.09","77.08","80.13","76.90","1.40M","1.64%"
"09/02/2018","76.83","77.69","79.72","75.64","1.19M","-0.76%"
"08/26/2018","77.42","75.54","78.03","75.39","527.23K","2.11%"
"08/19/2018","75.82","71.77","76.42","71.42","1.19M","5.55%"
"08/12/2018","71.83","73.00","73.93","70.30","1.21M","-1.35%"
"08/05/2018","72.81","73.21","74.90","71.40","1.12M","-0.55%"
"07/29/2018","73.21","74.31","75.27","71.84","788.75K","-1.45%"
"07/22/2018","74.29","73.22","74.85","72.52","1.05M","1.67%"
"07/15/2018","73.07","74.92","75.37","71.19","1.45M","-3.00%"
"07/08/2018","75.33","77.21","79.51","72.67","1.75M","-2.31%"
"07/01/2018","77.11","78.55","78.95","76.36","1.21M","-2.93%"
"06/24/2018","79.44","74.80","79.70","73.74","891.38K","5.15%"
"06/17/2018","75.55","73.06","75.86","72.45","1.76M","2.87%"
"06/10/2018","73.44","76.30","77.07","73.00","1.35M","-3.95%"
"06/03/2018","76.46","76.66","77.61","73.81","1.67M","-0.43%"
"05/27/2018","76.79","76.11","78.75","74.49","622.91K","0.46%"
"05/20/2018","76.44","78.61","80.49","76.01","1.35M","-2.64%"
"05/13/2018","78.51","77.05","80.50","76.55","1.63M","1.80%"
"05/06/2018","77.12","75.00","78.00","73.10","1.69M","3.01%"
"04/29/2018","74.87","74.62","75.41","72.38","1.40M","0.31%"
"04/22/2018","74.64","73.77","75.47","73.13","1.26M","0.78%"
"04/15/2018","74.06","72.70","74.75","70.83","1.73M","2.04%"
"04/08/2018","72.58","67.10","73.09","67.00","1.86M","8.15%"
"04/01/2018","67.11","69.32","70.04","66.69","1.35M","-4.50%"
"03/25/2018","70.27","70.43","71.05","68.78","482.26K","-0.26%"
"03/18/2018","70.45","66.01","70.57","65.39","1.57M","6.40%"
"03/11/2018","66.21","65.50","66.42","64.05","1.30M","1.10%"
"03/04/2018","65.49","64.65","66.16","63.43","1.38M","1.74%"
"02/25/2018","64.37","67.29","67.90","63.19","929.38K","-4.37%"
"02/18/2018","67.31","64.96","67.37","64.40","1.12M","3.81%"
"02/11/2018","64.84","62.50","65.22","61.76","1.60M","3.26%"
"02/04/2018","62.79","68.15","68.46","61.77","1.98M","-8.44%"
"01/28/2018","68.58","70.47","70.64","67.96","1.00M","-2.75%"
"01/21/2018","70.52","68.80","71.28","68.39","1.43M","2.78%"
"01/14/2018","68.61","69.88","70.37","68.28","1.33M","-1.80%"
"01/07/2018","69.87","67.80","70.05","67.44","1.46M","3.33%"
"12/31/2017","67.62","66.55","68.27","66.24","902.20K","1.12%"
"12/24/2017","66.87","65.20","67.10","65.00","389.71K","2.48%"
"12/17/2017","65.25","63.36","65.28","63.00","936.37K","3.19%"
"12/10/2017","63.23","63.29","65.83","62.01","1.84M","-0.27%"
"12/03/2017","63.40","63.50","63.68","61.13","1.39M","-0.52%"
"11/26/2017","63.73","63.80","64.32","62.50","948.58K","-0.20%"
"11/19/2017","63.86","62.80","63.95","61.44","1.21M","1.82%"
"11/12/2017","62.72","63.68","63.77","61.08","1.70M","-1.26%"
"11/05/2017","63.52","62.27","64.65","62.08","1.79M","2.34%"
"10/29/2017","62.07","60.66","62.23","60.00","1.10M","2.70%"
"10/22/2017","60.44","57.95","60.65","57.04","1.39M","4.66%"
"10/15/2017","57.75","57.28","58.54","56.60","1.88M","1.01%"
"10/08/2017","57.17","55.50","57.57","55.06","1.35M","2.79%"
"10/01/2017","55.62","56.73","57.28","55.13","1.73M","-3.34%"
"09/24/2017","57.54","56.87","59.49","56.70","724.44K","1.20%"
"09/17/2017","56.86","55.59","56.91","54.82","1.26M","2.23%"
"09/10/2017","55.62","53.82","55.99","53.04","1.45M","3.42%"
"09/03/2017","53.78","52.85","54.87","51.99","1.36M","1.95%"
"08/27/2017","52.75","52.38","52.95","50.56","729.84K","0.65%"
"08/20/2017","52.41","53.00","53.00","51.30","1.35M","-0.59%"
"08/13/2017","52.72","52.02","52.96","50.00","1.57M","1.19%"
"08/06/2017","52.10","52.39","53.64","51.30","1.46M","-0.61%"
"07/30/2017","52.42","52.60","52.93","50.88","1.51M","-0.19%"
"07/23/2017","52.52","47.96","52.70","47.68","1.17M","9.28%"
"07/16/2017","48.06","49.14","50.19","47.81","1.43M","-1.74%"
"07/09/2017","48.91","46.84","49.11","46.11","1.44M","4.71%"
"07/02/2017","46.71","48.95","49.90","46.28","1.36M","-2.53%"
"06/25/2017","47.92","45.63","48.12","45.04","834.80K","5.23%"
"06/18/2017","45.54","47.21","47.76","44.35","1.59M","-3.86%"
"06/11/2017","47.37","48.06","49.15","46.70","1.63M","-1.62%"
"06/04/2017","48.15","49.87","50.74","47.40","1.87M","-3.60%"
"05/28/2017","49.95","52.24","52.61","48.95","1.13M","-4.22%"
"05/21/2017","52.15","53.85","54.67","50.71","1.79M","-2.72%"
"05/14/2017","53.61","50.89","53.82","50.74","1.70M","5.45%"
"05/07/2017","50.84","49.27","51.16","48.39","1.72M","3.54%"
"04/30/2017","49.10","51.88","52.16","46.64","1.91M","-5.08%"
"04/23/2017","51.73","52.11","52.57","50.45","956.93K","-0.44%"
"04/16/2017","51.96","55.55","55.98","51.57","1.72M","-7.03%"
"04/09/2017","55.89","55.19","56.65","55.19","1.34M","1.18%"
"04/02/2017","55.24","53.62","56.08","52.73","1.45M","4.56%"
"03/26/2017","52.83","51.03","53.45","50.03","678.39K","4.00%"
"03/19/2017","50.80","51.80","52.22","49.71","1.39M","-1.85%"
"03/12/2017","51.76","51.49","52.65","50.25","1.52M","0.76%"
"03/05/2017","51.37","55.80","56.65","51.14","1.79M","-8.10%"
"02/26/2017","55.90","55.96","57.05","55.03","1.03M","-0.16%"
"02/19/2017","55.99","55.90","57.31","55.64","1.18M","0.32%"
"02/12/2017","55.81","56.68","56.81","55.10","1.34M","-1.57%"
"02/05/2017","56.70","56.85","57.13","54.44","1.53M","-0.19%"
"01/29/2017","56.81","55.47","57.45","54.90","997.04K","2.32%"
"01/22/2017","55.52","55.70","56.55","54.65","1.24M","0.05%"
"01/15/2017","55.49","55.64","56.95","53.77","1.45M","0.07%"
"01/08/2017","55.45","56.81","57.00","53.58","1.60M","-2.89%"
"01/01/2017","57.10","57.05","58.37","55.30","1.13M","0.49%"
"12/25/2016","56.82","55.18","57.20","55.04","355.92K","3.01%"
"12/18/2016","55.16","55.40","55.92","54.05","1.06M","-0.09%"
"12/11/2016","55.21","55.88","57.89","53.15","1.50M","1.62%"
"12/04/2016","54.33","54.40","55.33","52.81","1.47M","-0.24%"
"11/27/2016","54.46","46.71","54.53","45.92","1.16M","15.28%"
"11/20/2016","47.24","46.92","49.96","46.85","1.25M","0.81%"
"11/13/2016","46.86","44.54","47.62","43.57","1.48M","4.72%"
"11/06/2016","44.75","45.70","46.95","44.19","1.63M","-1.82%"
"10/30/2016","45.58","49.41","49.72","45.08","1.53M","-8.31%"
"10/23/2016","49.71","51.89","52.01","49.31","1.05M","-4.00%"
"10/16/2016","51.78","51.93","53.14","51.12","1.34M","-0.33%"
"10/09/2016","51.95","51.63","53.73","50.92","1.52M","0.04%"
"10/02/2016","51.93","50.02","52.84","49.74","1.46M","5.85%"
"09/25/2016","49.06","46.05","49.81","45.63","779.77K","6.91%"
"09/18/2016","45.89","46.01","48.26","45.09","1.35M","0.26%"
"09/11/2016","45.77","47.81","48.63","45.48","1.42M","-4.67%"
"09/04/2016","48.01","46.70","50.14","46.29","1.32M","2.52%"
"08/28/2016","46.83","49.54","49.76","45.32","780.19K","-6.19%"
"08/21/2016","49.92","50.70","50.76","48.48","1.29M","-1.89%"
"08/14/2016","50.88","47.14","51.22","46.84","1.46M","8.32%"
"08/07/2016","46.97","44.34","47.25","43.46","1.32M","6.10%"
"07/31/2016","44.27","43.11","44.49","41.51","1.33M","4.26%"
"07/24/2016","42.46","45.70","45.87","41.80","755.34K","-7.07%"
"07/17/2016","45.69","47.92","47.95","45.17","1.22M","-4.03%"
"07/10/2016","47.61","46.49","48.57","45.90","1.40M","1.82%"
"07/03/2016","46.76","50.60","50.75","46.15","1.26M","-7.13%"
"06/26/2016","50.35","48.43","50.74","46.69","803.50K","4.01%"
"06/19/2016","48.41","49.42","51.24","47.54","1.38M","-1.55%"
"06/12/2016","49.17","50.42","50.79","46.94","1.24M","-2.71%"
"06/05/2016","50.54","49.83","52.86","49.72","1.12M","1.81%"
"05/29/2016","49.64","49.43","50.33","48.65","815.72K","0.65%"
"05/22/2016","49.32","48.72","50.51","47.58","1.03M","1.23%"
"05/15/2016","48.72","47.80","49.85","47.38","1.43M","1.86%"
"05/08/2016","47.83","45.75","48.19","43.33","1.68M","5.42%"
"05/01/2016","45.37","47.37","47.40","44.19","1.30M","-5.73%"
"04/24/2016","48.13","45.13","48.50","44.26","704.30K","6.69%"
"04/17/2016","45.11","41.80","46.18","40.10","1.62M","4.66%"
"04/10/2016","43.10","42.00","44.94","41.41","1.51M","2.77%"
"04/03/2016","41.94","38.69","42.01","37.27","1.56M","8.46%"
"03/27/2016","38.67","40.58","41.00","38.55","645.24K","-4.38%"
"03/20/2016","40.44","41.31","42.08","39.22","946.49K","-1.84%"
"03/13/2016","41.20","40.25","42.54","38.32","1.29M","2.01%"
"03/06/2016","40.39","38.88","41.48","38.87","1.59M","4.31%"
"02/28/2016","38.72","35.10","38.95","34.83","1.14M","10.31%"
"02/21/2016","35.10","33.25","37.00","32.37","1.26M","6.33%"
"02/14/2016","33.01","32.77","35.73","31.82","1.53M","-1.05%"
"02/07/2016","33.36","33.99","34.68","29.92","1.59M","-2.06%"
"01/31/2016","34.06","35.85","36.25","32.23","1.70M","-1.96%"
"01/24/2016","34.74","32.10","35.84","29.27","1.13M","7.96%"
"01/17/2016","32.18","28.73","32.30","27.10","1.81M","11.20%"
"01/10/2016","28.94","33.34","33.38","28.82","797.40K","-13.74%"
"01/03/2016","33.55","37.85","38.99","32.16","1.39M","-10.01%"
"12/27/2015","37.28","37.84","37.98","36.10","579.13K","-1.61%"
"12/20/2015","37.89","36.55","38.10","35.98","649.41K","2.74%"
"12/13/2015","36.88","37.85","39.41","36.33","625.94K","-2.77%"
"12/06/2015","37.93","43.26","43.26","37.36","1.24M","-11.79%"
"11/29/2015","43.00","44.86","45.75","42.43","1.48M","-4.15%"
"11/22/2015","44.86","44.46","46.50","43.57","1.05M","0.45%"
"11/15/2015","44.66","44.70","45.50","43.15","1.27M","2.41%"
"11/08/2015","43.61","47.46","48.41","43.57","762.98K","-8.03%"
"11/01/2015","47.42","49.50","50.91","47.27","1.31M","-4.32%"
"10/25/2015","49.56","48.00","50.00","46.41","1.20M","3.27%"
"10/18/2015","47.99","50.38","50.68","47.45","1.16M","-4.89%"
"10/11/2015","50.46","52.64","53.31","48.21","581.18K","-4.16%"
"10/04/2015","52.65","48.08","54.05","47.84","1.21M","9.39%"
"09/27/2015","48.13","48.34","49.84","46.93","1.03M","-0.97%"
"09/20/2015","48.60","47.64","50.25","47.40","985.01K","2.38%"
"09/13/2015","47.47","48.08","50.34","45.98","865.43K","-1.39%"
"09/06/2015","48.14","49.27","50.04","46.76","857.13K","-2.96%"
"08/30/2015","49.61","50.05","54.32","47.74","1.51M","-0.88%"
"08/23/2015","50.05","45.35","50.98","42.23","1.62M","10.10%"
"08/16/2015","45.46","48.76","49.44","45.07","1.09M","-7.28%"
"08/09/2015","49.03","48.43","51.10","48.24","722.56K","0.86%"
"08/02/2015","48.61","51.55","52.01","48.42","1.29M","-6.90%"
"07/26/2015","52.21","54.45","54.89","51.63","1.24M","-4.41%"
"07/19/2015","54.62","57.12","57.44","54.30","973.56K","-4.34%"
"07/12/2015","57.10","58.35","58.83","56.40","571.04K","-2.78%"
"07/05/2015","58.73","60.00","60.00","55.10","1.36M","-2.64%"
"06/28/2015","60.32","62.85","63.83","60.12","1.10M","-4.65%"
"06/21/2015","63.26","62.57","65.05","62.10","1.16M","0.38%"
"06/14/2015","63.02","63.62","65.47","62.24","1.07M","-1.33%"
"06/07/2015","63.87","63.06","66.36","62.47","854.02K","0.88%"
"05/31/2015","63.31","65.59","65.88","60.94","1.21M","-3.43%"
"05/24/2015","65.56","65.56","66.22","61.24","1.04M","0.29%"
"05/17/2015","65.37","66.91","67.88","63.95","1.10M","-2.16%"
"05/10/2015","66.81","65.37","68.17","64.25","735.94K","2.17%"
"05/03/2015","65.39","66.40","69.63","64.23","1.21M","-1.61%"
"04/26/2015","66.46","65.47","66.93","63.90","1.04M","1.81%"
"04/19/2015","65.28","63.85","65.80","61.39","1.27M","2.88%"
"04/12/2015","63.45","58.02","64.95","57.46","760.90K","9.64%"
"04/05/2015","57.87","55.18","59.27","55.08","926.55K","5.31%"
"03/29/2015","54.95","55.96","57.69","54.00","1.00M","-2.59%"
"03/22/2015","56.41","55.24","59.78","54.12","1.20M","1.97%"
"03/15/2015","55.32","54.41","56.84","52.50","914.68K","1.19%"
"03/08/2015","54.67","59.62","60.02","54.43","776.44K","-8.47%"
"03/01/2015","59.73","62.50","62.50","59.17","1.22M","-4.55%"
"02/22/2015","62.58","60.30","62.83","58.10","1.31M","3.92%"
"02/15/2015","60.22","61.49","63.00","57.80","1.20M","-2.11%"
"02/08/2015","61.52","57.93","61.77","53.91","852.51K","6.44%"
"02/01/2015","57.80","52.68","59.06","51.41","1.77M","9.08%"
"01/25/2015","52.99","48.56","53.08","47.57","1.34M","8.61%"
"01/18/2015","48.79","50.10","50.45","47.78","1.20M","-2.75%"
"01/11/2015","50.17","49.93","50.62","45.19","865.74K","0.12%"
"01/04/2015","50.11","56.25","56.30","48.90","1.48M","-11.18%"
"12/28/2014","56.42","59.65","60.43","55.48","635.34K","-5.10%"
"12/21/2014","59.45","61.99","62.97","59.21","513.11K","-3.14%"
"12/14/2014","61.38","61.20","63.70","58.50","948.60K","-0.76%"
"12/07/2014","61.85","68.79","68.79","61.35","971.34K","-10.45%"
"11/30/2014","69.07","70.15","73.03","67.53","1.25M","-1.54%"
"11/23/2014","70.15","80.50","80.85","69.78","1.12M","-12.71%"
"11/16/2014","80.36","79.50","81.61","77.56","1.12M","1.20%"
"11/09/2014","79.41","83.26","84.97","76.76","838.85K","-4.77%"
"11/02/2014","83.39","85.85","86.40","81.63","1.35M","-2.88%"
"10/26/2014","85.86","86.08","87.94","84.55","1.09M","-0.31%"
"10/19/2014","86.13","86.35","87.19","84.12","1.29M","-0.03%"
"10/12/2014","86.16","89.89","90.18","82.60","670.08K","-4.49%"
"10/05/2014","90.21","91.90","93.21","88.11","1.05M","-2.27%"
"09/28/2014","92.31","96.81","97.80","91.48","1.21M","-4.84%"
"09/21/2014","97.00","98.50","98.50","95.60","936.17K","-1.41%"
"09/14/2014","98.39","96.90","99.61","96.21","761.86K","1.32%"
"09/07/2014","97.11","100.80","101.00","96.72","821.66K","-3.68%"
"08/31/2014","100.82","102.95","103.30","100.17","971.41K","-2.30%"
"08/24/2014","103.19","102.10","103.40","101.65","733.11K","0.88%"
"08/17/2014","102.29","103.21","103.30","101.07","836.50K","-1.20%"
"08/10/2014","103.53","105.00","105.43","101.92","600.82K","-1.42%"
"08/03/2014","105.02","104.82","106.85","104.07","1.02M","0.17%"
"07/27/2014","104.84","108.30","108.38","104.39","985.45K","-3.28%"
"07/20/2014","108.39","107.15","108.46","106.73","1.03M","1.07%"
"07/13/2014","107.24","106.42","108.62","104.39","681.97K","0.54%"
"07/06/2014","106.66","110.65","110.92","106.27","881.92K","-3.60%"
"06/29/2014","110.64","113.30","113.30","110.53","1.01M","-2.35%"
"06/22/2014","113.30","114.99","115.66","112.90","979.68K","-1.32%"
"06/15/2014","114.81","112.73","115.71","112.16","1.11M","1.23%"
"06/08/2014","113.41","108.68","114.69","108.55","684.82K","4.42%"
"06/01/2014","108.61","109.70","109.87","107.77","931.33K","-0.73%"
"05/25/2014","109.41","110.40","110.80","109.22","727.76K","-1.02%"
"05/18/2014","110.54","109.82","111.04","109.10","908.24K","0.72%"
"05/11/2014","109.75","107.94","110.60","107.94","641.84K","1.72%"
"05/04/2014","107.89","108.92","109.02","106.96","894.32K","-0.64%"
"04/27/2014","108.59","109.50","110.20","106.85","1.07M","-0.90%"
"04/20/2014","109.58","109.76","110.65","108.53","886.36K","0.05%"
"04/13/2014","109.53","107.42","110.36","107.26","508.72K","2.05%"
"04/06/2014","107.33","106.35","108.14","105.13","783.50K","0.57%"
"03/30/2014","106.72","108.00","108.33","103.95","1.02M","-1.25%"
"03/23/2014","108.07","107.01","108.39","106.44","801.44K","1.08%"
"03/16/2014","106.92","108.55","108.60","105.41","898.29K","-1.52%"
"03/09/2014","108.57","108.73","108.85","106.98","554.56K","-0.39%"
"03/02/2014","109.00","109.44","112.39","107.37","1.13M","-0.06%"
"02/23/2014","109.07","109.65","110.77","108.40","969.85K","-0.71%"
"02/16/2014","109.85","109.13","110.82","108.64","676.67K","0.71%"
"02/09/2014","109.08","109.75","109.75","107.85","570.64K","-0.45%"
"02/02/2014","109.57","106.40","109.74","105.40","1.07M","2.98%"
"01/26/2014","106.40","107.91","108.40","106.30","1.02M","-1.37%"
"01/19/2014","107.88","106.28","108.33","105.81","1.03M","1.31%"
"01/12/2014","106.48","107.25","107.64","105.44","546.84K","-0.72%"
"01/05/2014","107.25","106.80","108.20","106.03","929.50K","0.34%"
"12/29/2013","106.89","112.20","112.64","106.79","587.84K","-4.72%"
"12/22/2013","112.18","111.55","112.80","111.27","326.41K","0.37%"
"12/15/2013","111.77","109.15","111.89","107.80","690.62K","2.70%"
"12/08/2013","108.83","111.69","111.79","108.02","818.70K","-2.49%"
"12/01/2013","111.61","109.60","113.02","109.28","1.07M","1.75%"
"11/24/2013","109.69","109.00","111.66","108.05","861.07K","-1.22%"
"11/17/2013","111.05","108.50","111.40","106.51","1.16M","2.35%"
"11/10/2013","108.50","105.17","108.96","105.15","662.84K","3.22%"
"11/03/2013","105.12","105.78","106.58","102.98","1.20M","-0.75%"
"10/27/2013","105.91","107.04","110.16","105.78","1.22M","-0.95%"
"10/20/2013","106.93","109.96","110.94","106.27","1.21M","-2.74%"
"10/13/2013","109.94","110.87","111.41","108.71","631.18K","-1.20%"
"10/06/2013","111.28","109.21","112.00","107.89","916.44K","1.66%"
"09/29/2013","109.46","108.20","109.85","106.81","872.60K","0.76%"
"09/22/2013","108.63","109.22","110.09","107.43","912.18K","-0.54%"
"09/15/2013","109.22","111.25","111.49","107.41","1.03M","-3.16%"
"09/08/2013","112.78","115.93","116.18","110.59","598.15K","-2.88%"
"09/01/2013","116.12","114.00","116.56","112.20","855.45K","1.85%"
"08/25/2013","114.01","111.15","117.34","110.50","1.16M","2.67%"
"08/18/2013","111.04","110.53","111.23","108.61","991.42K","0.58%"
"08/11/2013","110.40","108.13","111.53","107.43","573.10K","2.01%"
"08/04/2013","108.22","109.09","109.44","105.85","930.58K","-0.67%"
"07/28/2013","108.95","107.19","110.09","105.73","957.10K","1.66%"
"07/21/2013","107.17","108.30","108.68","106.25","882.47K","-0.83%"
"07/14/2013","108.07","108.99","109.72","107.01","713.03K","-0.68%"
"07/07/2013","108.81","108.00","109.14","106.79","861.68K","1.01%"
"06/30/2013","107.72","101.90","107.88","101.63","990.53K","5.44%"
"06/23/2013","102.16","100.61","103.44","99.67","1.05M","1.24%"
"06/16/2013","100.91","105.77","106.67","100.04","1.04M","-4.74%"
"06/09/2013","105.93","104.56","106.64","101.82","629.16K","1.31%"
"06/02/2013","104.56","100.15","105.01","99.66","1.17M","4.15%"
"05/26/2013","100.39","102.52","104.69","100.03","874.08K","-2.19%"
"05/19/2013","102.64","104.75","105.31","100.64","918.43K","-1.91%"
"05/12/2013","104.64","103.26","104.87","101.20","660.20K","0.70%"
"05/05/2013","103.91","104.25","105.94","101.56","1.04M","-0.27%"
"04/28/2013","104.19","102.79","104.92","98.76","1.27M","1.00%"
"04/21/2013","103.16","99.56","103.49","98.78","1.13M","3.52%"
"04/14/2013","99.65","103.03","103.09","96.75","1.13M","-3.36%"
"04/07/2013","103.11","104.28","106.50","101.09","793.40K","-0.97%"
"03/31/2013","104.12","110.15","111.79","103.62","1.17M","-5.36%"
"03/24/2013","110.02","106.86","110.10","106.80","789.13K","2.19%"
"03/17/2013","107.66","109.83","109.83","106.90","941.94K","-1.97%"
"03/10/2013","109.82","110.67","111.20","107.91","621.43K","-0.93%"
"03/03/2013","110.85","110.58","112.23","109.14","1.10M","0.41%"
"02/24/2013","110.40","114.19","115.87","109.82","1.14M","-3.24%"
"02/17/2013","114.10","117.81","118.19","113.32","836.79K","-3.03%"
"02/10/2013","117.66","118.90","119.12","116.28","670.44K","-1.04%"
"02/03/2013","118.90","116.50","119.17","115.01","1.10M","1.83%"
"01/27/2013","116.76","113.45","117.07","112.60","1.02M","3.07%"
"01/20/2013","113.28","111.67","113.84","111.35","938.08K","1.24%"
"01/13/2013","111.89","110.62","112.46","109.45","619.99K","1.13%"
"01/06/2013","110.64","111.42","113.29","109.60","934.49K","-0.60%"
"12/30/2012","111.31","110.35","112.90","109.38","663.44K","0.62%"
"12/23/2012","110.62","109.02","111.52","108.13","347.44K","1.51%"
"12/16/2012","108.97","108.30","110.66","107.58","697.93K","-0.16%"
"12/09/2012","109.15","107.30","110.50","107.01","592.32K","1.99%"
"12/02/2012","107.02","110.96","112.33","106.63","990.76K","-3.78%"
"11/25/2012","111.23","111.16","111.48","108.44","923.41K","-0.13%"
"11/18/2012","111.38","109.20","112.20","109.01","821.05K","2.23%"
"11/11/2012","108.95","109.59","111.12","107.38","656.84K","-0.41%"
"11/04/2012","109.40","105.55","111.64","104.76","1.14M","3.52%"
"10/28/2012","105.68","109.65","110.26","105.50","932.63K","-3.53%"
"10/21/2012","109.55","109.95","110.97","106.80","1.13M","-0.54%"
"10/14/2012","110.14","114.64","116.20","109.90","771.05K","-3.91%"
"10/07/2012","114.62","111.99","116.02","110.54","827.28K","2.32%"
"09/30/2012","112.02","112.34","113.27","107.67","1.03M","-0.33%"
"09/23/2012","112.39","111.50","113.40","108.45","993.01K","0.87%"
"09/16/2012","111.42","116.67","117.02","107.10","1.14M","-4.49%"
"09/09/2012","116.66","114.55","117.95","113.92","643.23K","2.11%"
"09/02/2012","114.25","114.70","116.65","112.34","984.91K","-0.28%"
"08/26/2012","114.57","113.80","115.50","111.50","911.74K","0.86%"
"08/19/2012","113.59","113.83","116.38","112.87","950.28K","-0.11%"
"08/12/2012","113.71","113.40","117.03","112.70","526.93K","0.67%"
"08/05/2012","112.95","108.60","113.54","107.90","796.88K","3.68%"
"07/29/2012","108.94","106.37","109.13","104.06","1.02M","2.32%"
"07/22/2012","106.47","106.90","106.94","102.10","1.06M","-0.34%"
"07/15/2012","106.83","102.76","108.18","102.07","771.59K","4.33%"
"07/08/2012","102.40","98.15","103.44","97.73","884.74K","4.29%"
"07/01/2012","98.19","97.60","102.34","95.30","1.15M","0.40%"
"06/24/2012","97.80","91.65","98.29","89.60","1.19M","7.50%"
"06/17/2012","90.98","98.04","99.50","88.49","1.43M","-6.79%"
"06/10/2012","97.61","100.24","102.21","96.33","801.82K","-1.87%"
"06/03/2012","99.47","98.43","102.45","95.63","1.10M","1.06%"
"05/27/2012","98.43","106.83","108.04","97.54","1.09M","-7.86%"
"05/20/2012","106.83","107.40","109.43","105.03","928.35K","-0.29%"
"05/13/2012","107.14","112.07","112.67","106.40","872.78K","-4.56%"
"05/06/2012","112.26","112.80","113.64","110.34","1.04M","-0.81%"
"04/29/2012","113.18","119.70","120.02","111.76","1.11M","-5.55%"
"04/22/2012","119.83","118.70","120.17","117.21","1.02M","0.90%"
"04/15/2012","118.76","121.00","121.00","116.70","1.12M","-2.52%"
"04/08/2012","121.83","122.85","122.86","119.05","635.27K","-1.30%"
"04/01/2012","123.43","122.94","125.97","121.70","860.92K","0.45%"
"03/25/2012","122.88","125.04","126.18","121.37","962.65K","-1.80%"
"03/18/2012","125.13","125.60","127.06","122.30","863.37K","-0.54%"
"03/11/2012","125.81","125.84","126.79","120.97","572.38K","-0.13%"
"03/04/2012","125.98","123.37","126.37","121.59","931.21K","1.88%"
"02/26/2012","123.65","125.25","128.40","120.50","1.07M","-1.45%"
"02/19/2012","125.47","120.00","125.55","119.21","763.55K","4.93%"
"02/12/2012","119.58","117.69","120.70","117.00","757.41K","1.94%"
"02/05/2012","117.31","114.58","118.79","113.65","1.04M","2.38%"
"01/29/2012","114.58","111.50","114.71","110.25","1.06M","2.80%"
"01/22/2012","111.46","110.04","111.99","108.91","970.27K","1.46%"
"01/15/2012","109.86","110.70","112.76","109.42","754.75K","-0.53%"
"01/08/2012","110.44","113.42","115.12","109.71","839.16K","-2.32%"
"01/01/2012","113.06","108.35","114.64","108.35","796.13K","5.29%"
"12/25/2011","107.38","108.16","109.50","106.50","367.51K","-0.54%"
"12/18/2011","107.96","103.63","108.55","102.37","638.97K","4.46%"
"12/11/2011","103.35","108.75","111.10","102.46","550.96K","-4.85%"
"12/04/2011","108.62","110.36","111.62","107.11","779.75K","-1.20%"
"11/27/2011","109.94","106.73","112.03","106.63","1.01M","3.33%"
"11/20/2011","106.40","107.46","109.45","105.65","787.24K","-1.08%"
"11/13/2011","107.56","114.63","114.83","106.97","891.54K","-5.78%"
"11/06/2011","114.16","112.41","116.48","111.26","1.04M","1.96%"
"10/30/2011","111.97","110.13","112.48","106.10","1.05M","1.87%"
"10/23/2011","109.91","109.32","112.79","108.76","1.08M","0.32%"
"10/16/2011","109.56","112.46","113.86","107.31","1.19M","-4.46%"
"10/09/2011","114.68","106.01","114.80","105.65","548.73K","8.31%"
"10/02/2011","105.88","102.00","106.64","99.11","1.05M","3.04%"
"09/25/2011","102.76","103.61","107.54","101.66","1.09M","-1.16%"
"09/18/2011","103.97","111.71","112.44","103.43","1.11M","-7.35%"
"09/11/2011","112.22","112.43","116.10","110.42","614.80K","-0.49%"
"09/04/2011","112.77","112.50","116.60","109.85","854.74K","0.39%"
"08/28/2011","112.33","110.77","115.36","110.53","897.23K","0.87%"
"08/21/2011","111.36","108.50","111.70","105.15","1.10M","2.52%"
"08/14/2011","108.62","108.10","111.74","105.06","836.44K","0.55%"
"08/07/2011","108.03","108.50","109.16","98.74","1.21M","-1.23%"
"07/31/2011","109.37","117.00","120.40","104.30","1.31M","-6.31%"
"07/24/2011","116.74","118.36","119.05","115.75","867.96K","-1.63%"
"07/17/2011","118.67","117.55","119.25","114.66","810.12K","1.20%"
"07/10/2011","117.26","118.27","119.86","114.95","599.72K","-0.90%"
"07/03/2011","118.33","111.30","119.87","110.45","849.93K","5.87%"
"06/26/2011","111.77","105.36","113.24","102.28","1.00M","6.33%"
"06/19/2011","105.12","112.96","114.48","103.62","1.36M","-7.15%"
"06/12/2011","113.21","118.46","121.47","111.05","854.53K","-4.69%"
"06/05/2011","118.78","115.96","120.07","113.80","1.06M","2.54%"
"05/29/2011","115.84","114.87","117.49","113.40","790.33K","0.70%"
"05/22/2011","115.03","112.12","115.68","108.58","941.49K","2.35%"
"05/15/2011","112.39","113.56","114.00","108.07","815.77K","-1.27%"
"05/08/2011","113.83","110.20","118.43","109.05","1.29M","4.31%"
"05/01/2011","109.13","126.10","126.54","105.15","1.38M","-13.31%"
"04/24/2011","125.89","123.99","126.66","122.71","696.71K","1.53%"
"04/17/2011","123.99","123.15","124.81","119.03","689.98K","0.44%"
"04/10/2011","123.45","126.58","127.02","120.00","668.29K","-2.53%"
"04/03/2011","126.65","119.05","126.91","118.75","836.78K","6.70%"
"03/27/2011","118.70","115.75","119.14","113.52","781.30K","2.69%"
"03/20/2011","115.59","114.75","116.40","114.15","723.75K","1.46%"
"03/13/2011","113.93","113.60","117.29","107.35","669.63K","0.08%"
"03/06/2011","113.84","116.12","118.50","112.13","991.01K","-1.84%"
"02/27/2011","115.97","112.50","117.81","111.25","956.95K","3.42%"
"02/20/2011","112.14","102.96","119.79","102.93","1.12M","9.38%"
"02/13/2011","102.52","101.13","104.52","100.73","1.01M","1.07%"
"02/06/2011","101.43","99.83","102.88","97.51","682.42K","1.60%"
"01/30/2011","99.83","99.61","103.37","98.50","897.82K","0.41%"
"01/23/2011","99.42","97.59","99.74","94.75","1.07M","1.86%"
"01/16/2011","97.60","98.33","98.75","95.43","850.12K","-1.09%"
"01/09/2011","98.68","93.80","99.20","93.60","601.76K","5.73%"
"01/02/2011","93.33","94.75","96.17","92.37","863.12K","-1.50%"
"12/26/2010","94.75","93.76","95.20","92.18","333.81K","1.05%"
"12/19/2010","93.77","91.65","94.74","91.02","443.95K","2.29%"
"12/12/2010","91.67","90.65","92.42","90.33","504.82K","1.32%"
"12/05/2010","90.48","91.46","92.86","89.86","766.89K","-1.03%"
"11/28/2010","91.42","85.50","91.85","85.41","911.68K","6.82%"
"11/21/2010","85.58","84.34","86.50","82.43","693.29K","1.47%"
"11/14/2010","84.34","86.44","87.37","82.96","833.82K","-2.32%"
"11/07/2010","86.34","88.30","89.70","85.76","836.20K","-2.01%"
"10/31/2010","88.11","83.13","88.80","82.82","865.73K","5.97%"
"10/24/2010","83.15","83.15","84.20","81.85","905.49K","0.23%"
"10/17/2010","82.96","83.05","84.50","80.75","991.87K","0.62%"
"10/10/2010","82.45","84.33","85.46","81.95","609.11K","-1.88%"
"10/03/2010","84.03","83.81","86.02","81.86","835.49K","0.33%"
"09/26/2010","83.75","79.01","83.81","77.60","837.26K","6.19%"
"09/19/2010","78.87","78.20","80.00","76.75","776.64K","0.84%"
"09/12/2010","78.21","78.23","79.90","77.25","540.43K","0.06%"
"09/05/2010","78.16","76.62","78.85","75.56","751.10K","1.94%"
"08/29/2010","76.67","76.65","77.46","74.24","759.66K","0.03%"
"08/22/2010","76.65","74.46","76.93","71.75","883.59K","3.22%"
"08/15/2010","74.26","75.12","77.69","74.00","631.03K","-1.13%"
"08/08/2010","75.11","80.49","81.38","74.67","722.62K","-6.30%"
"08/01/2010","80.16","78.11","82.86","78.10","778.07K","2.53%"
"07/25/2010","78.18","77.45","78.31","74.80","791.05K","0.94%"
"07/18/2010","77.45","75.13","78.10","74.75","734.89K","2.76%"
"07/11/2010","75.37","75.19","77.79","73.67","442.83K","-0.07%"
"07/04/2010","75.42","71.56","75.86","70.77","599.58K","5.26%"
"06/27/2010","71.65","78.14","78.66","71.21","838.28K","-8.28%"
"06/20/2010","78.12","78.49","79.86","75.40","741.32K","-0.13%"
"06/13/2010","78.22","74.51","79.10","74.44","669.20K","5.21%"
"06/06/2010","74.35","71.55","75.88","70.50","753.17K","3.13%"
"05/30/2010","72.09","74.02","76.55","71.48","742.55K","-2.61%"
"05/23/2010","74.02","71.80","75.74","68.15","810.35K","3.26%"
"05/16/2010","71.68","78.05","78.47","70.20","1.07M","-7.13%"
"05/09/2010","77.18","78.90","81.76","76.80","597.19K","-1.39%"
"05/02/2010","78.27","87.44","89.58","77.51","975.37K","-10.49%"
"04/25/2010","87.44","87.27","87.75","84.88","822.24K","0.22%"
"04/18/2010","87.25","85.74","87.33","83.25","942.50K","1.47%"
"04/11/2010","85.99","84.87","87.58","83.51","581.67K","1.37%"
"04/04/2010","84.83","84.47","86.63","83.95","645.41K","0.98%"
"03/28/2010","84.01","79.48","84.50","79.48","562.39K","5.95%"
"03/21/2010","79.29","79.61","81.17","78.00","808.36K","-0.74%"
"03/14/2010","79.88","79.09","82.08","77.25","569.46K","0.62%"
"03/07/2010","79.39","80.21","81.46","78.70","702.04K","-0.63%"
"02/28/2010","79.89","77.69","80.53","76.21","869.14K","2.96%"
"02/21/2010","77.59","78.44","78.94","75.29","794.86K","-0.77%"
"02/14/2010","78.19","73.12","78.45","72.29","728.54K","7.26%"
"02/07/2010","72.90","70.36","74.00","69.21","661.90K","4.76%"
"01/31/2010","69.59","71.35","76.99","67.87","1.10M","-2.62%"
"01/24/2010","71.46","72.46","73.80","71.02","771.05K","-1.88%"
"01/17/2010","72.83","76.91","77.85","72.17","779.63K","-5.55%"
"01/10/2010","77.11","81.53","82.45","76.81","559.91K","-5.24%"
"01/03/2010","81.37","78.49","82.21","78.34","701.03K","4.41%"
"12/27/2009","77.93","76.30","78.94","76.20","246.50K","2.12%"
"12/20/2009","76.31","73.62","76.50","71.97","360.70K","3.47%"
"12/13/2009","73.75","71.47","74.84","71.16","481.44K","2.60%"
"12/06/2009","71.88","77.83","78.25","71.02","742.70K","-7.28%"
"11/29/2009","77.52","77.46","79.91","76.40","791.45K","0.44%"
"11/22/2009","77.18","77.55","79.58","73.70","729.08K","-0.03%"
"11/15/2009","77.20","76.79","80.14","76.50","693.81K","2.18%"
"11/08/2009","75.55","76.26","78.92","75.03","559.47K","-0.42%"
"11/01/2009","75.87","75.24","79.45","74.98","775.21K","0.89%"
"10/25/2009","75.20","78.49","80.10","75.09","785.75K","-4.71%"
"10/18/2009","78.92","77.09","80.26","76.04","704.21K","2.51%"
"10/11/2009","76.99","70.29","77.22","70.29","477.97K","9.99%"
"10/04/2009","70.00","67.45","70.56","65.90","688.81K","2.84%"
"09/27/2009","68.07","65.42","69.79","64.49","663.74K","4.55%"
"09/20/2009","65.11","71.17","71.45","64.08","738.47K","-8.71%"
"09/13/2009","71.32","67.68","72.20","66.66","497.73K","5.36%"
"09/06/2009","67.69","66.69","70.88","66.38","604.53K","1.30%"
"08/30/2009","66.82","72.79","72.95","65.96","628.32K","-8.20%"
"08/23/2009","72.79","74.21","74.75","70.42","599.52K","-1.89%"
"08/16/2009","74.19","71.35","74.97","69.21","580.85K","2.46%"
"08/09/2009","72.41","73.23","74.72","71.68","315.56K","-1.60%"
"08/02/2009","73.59","71.98","76.00","71.50","554.22K","2.64%"
"07/26/2009","71.70","70.06","72.12","66.14","657.09K","1.96%"
"07/19/2009","70.32","65.03","70.46","65.03","559.43K","7.56%"
"07/12/2009","65.38","60.66","65.93","59.49","345.38K","8.03%"
"07/05/2009","60.52","65.20","65.46","59.53","594.85K","-7.76%"
"06/28/2009","65.61","68.95","73.50","65.25","599.43K","-4.80%"
"06/21/2009","68.92","69.47","70.81","65.90","631.90K","-0.39%"
"06/14/2009","69.19","70.93","72.40","68.56","450.12K","-2.44%"
"06/07/2009","70.92","67.79","72.27","66.88","466.25K","3.78%"
"05/31/2009","68.34","65.77","69.91","64.91","576.28K","4.30%"
"05/24/2009","65.52","61.00","65.80","58.41","441.20K","7.80%"
"05/17/2009","60.78","56.17","60.94","55.91","516.60K","8.57%"
"05/10/2009","55.98","57.80","59.05","55.85","414.84K","-3.72%"
"05/03/2009","58.14","52.60","58.50","52.36","484.25K","10.01%"
"04/26/2009","52.85","51.04","53.05","48.40","543.45K","2.28%"
"04/19/2009","51.67","53.06","53.06","48.31","547.81K","-3.15%"
"04/12/2009","53.35","53.98","54.12","50.90","291.73K","-1.31%"
"04/05/2009","54.06","53.50","54.31","49.80","412.16K","1.10%"
"03/29/2009","53.47","51.50","54.26","47.26","584.20K","2.87%"
"03/22/2009","51.98","51.30","53.86","51.10","474.29K","1.48%"
"03/15/2009","51.22","44.25","51.70","42.59","435.26K","14.00%"
"03/08/2009","44.93","45.42","46.36","41.30","479.15K","0.18%"
"03/01/2009","44.85","45.56","46.54","41.60","546.33K","-3.24%"
"02/22/2009","46.35","41.66","46.63","40.30","573.11K","10.65%"
"02/15/2009","41.89","44.30","45.50","39.35","459.81K","-6.52%"
"02/08/2009","44.81","46.06","48.42","43.92","420.34K","-3.03%"
"02/01/2009","46.21","46.06","47.48","43.70","475.52K","0.72%"
"01/25/2009","45.88","47.46","49.65","43.55","585.08K","-5.15%"
"01/18/2009","48.37","46.30","48.61","42.85","564.80K","3.87%"
"01/11/2009","46.57","44.57","49.12","41.84","353.28K","4.84%"
"01/04/2009","44.42","48.20","52.21","42.79","568.97K","-5.31%"
"12/28/2008","46.91","39.78","47.33","38.10","295.46K","22.26%"
"12/21/2008","38.37","44.65","44.77","36.20","222.96K","-12.80%"
"12/14/2008","44.00","46.00","49.96","43.03","422.74K","-5.19%"
"12/07/2008","46.41","40.48","48.36","40.48","476.16K","16.78%"
"11/30/2008","39.74","53.00","53.00","39.35","535.33K","-25.71%"
"11/23/2008","53.49","50.00","54.90","48.00","498.11K","8.74%"
"11/16/2008","49.19","53.37","56.15","47.40","568.44K","-9.31%"
"11/09/2008","54.24","58.38","61.98","50.60","431.12K","-5.42%"
"11/02/2008","57.35","64.30","67.76","56.44","624.08K","-12.20%"
"10/26/2008","65.32","61.93","68.35","59.02","605.04K","5.27%"
"10/19/2008","62.05","70.65","73.61","61.00","595.95K","-10.85%"
"10/12/2008","69.60","77.00","80.74","65.45","348.34K","-6.06%"
"10/05/2008","74.09","88.30","88.65","73.14","521.88K","-17.91%"
"09/28/2008","90.25","103.29","103.29","88.00","580.52K","-12.84%"
"09/21/2008","103.54","99.50","107.11","99.50","584.58K","3.95%"
"09/14/2008","99.61","95.99","100.50","88.90","565.57K","2.08%"
"09/07/2008","97.58","105.74","106.90","96.33","455.60K","-6.25%"
"08/31/2008","104.09","115.50","115.56","103.43","484.67K","-8.73%"
"08/24/2008","114.05","113.00","118.26","111.65","521.20K","0.11%"
"08/17/2008","113.92","112.30","120.93","110.70","526.78K","1.22%"
"08/10/2008","112.55","113.85","115.32","110.31","330.70K","-0.69%"
"08/03/2008","113.33","125.30","125.30","112.80","520.06K","-8.74%"
"07/27/2008","124.18","124.40","127.94","120.88","531.31K","-0.27%"
"07/20/2008","124.52","131.04","133.75","123.39","516.39K","-4.36%"
"07/13/2008","130.19","144.37","145.55","129.66","384.48K","-9.90%"
"07/06/2008","144.49","144.40","147.50","135.50","518.19K","0.05%"
"06/29/2008","144.42","141.29","146.69","139.54","398.92K","2.93%"
"06/22/2008","140.31","134.56","142.97","132.00","544.93K","4.04%"
"06/15/2008","134.86","134.79","139.32","131.48","538.24K","0.45%"
"06/08/2008","134.25","137.25","137.74","130.50","378.97K","-2.50%"
"06/01/2008","137.69","127.22","138.12","121.32","582.89K","7.76%"
"05/25/2008","127.78","131.25","133.41","125.00","514.78K","-2.88%"
"05/18/2008","131.57","125.28","135.14","123.59","608.54K","5.26%"
"05/11/2008","124.99","125.63","126.34","120.10","414.60K","-0.33%"
"05/04/2008","125.40","114.54","125.90","114.21","568.66K","9.46%"
"04/27/2008","114.56","117.32","117.51","108.42","624.31K","-1.53%"
"04/20/2008","116.34","113.85","117.56","112.49","616.42K","2.12%"
"04/13/2008","113.92","108.26","114.22","108.09","394.99K","4.75%"
"04/06/2008","108.75","104.68","109.98","104.60","512.57K","3.67%"
"03/30/2008","104.90","103.36","105.32","98.99","559.92K","1.09%"
"03/23/2008","103.77","99.75","105.60","98.70","492.54K","3.38%"
"03/16/2008","100.38","106.00","107.97","98.00","561.09K","-6.67%"
"03/09/2008","107.55","102.30","108.02","101.20","390.48K","5.05%"
"03/02/2008","102.38","100.12","103.98","96.92","643.00K","2.28%"
"02/24/2008","100.10","97.23","101.27","96.34","584.90K","3.19%"
"02/17/2008","97.01","94.90","99.22","94.44","493.41K","2.52%"
"02/10/2008","94.63","92.68","95.80","91.09","438.78K","2.93%"
"02/03/2008","91.94","89.10","92.32","86.83","566.03K","2.80%"
"01/27/2008","89.44","90.70","92.83","88.95","624.46K","-1.61%"
"01/20/2008","90.90","89.57","91.40","85.00","574.28K","1.87%"
"01/13/2008","89.23","91.07","93.25","88.21","374.63K","-2.02%"
"01/06/2008","91.07","96.69","97.48","90.83","570.06K","-5.91%"
"12/30/2007","96.79","94.29","98.50","93.25","311.22K","3.10%"
"12/23/2007","93.88","92.29","95.87","91.35","199.26K","1.54%"
"12/16/2007","92.46","91.69","92.95","89.33","441.62K","-0.23%"
"12/09/2007","92.67","88.77","94.44","87.51","349.21K","4.55%"
"12/02/2007","88.64","88.74","91.91","86.56","530.48K","0.43%"
"11/25/2007","88.26","95.90","96.65","87.55","666.09K","-7.83%"
"11/18/2007","95.76","91.87","96.53","90.98","408.69K","4.52%"
"11/11/2007","91.62","92.54","93.46","87.88","422.61K","-1.67%"
"11/04/2007","93.18","91.84","95.19","90.18","503.83K","1.19%"
"10/28/2007","92.08","88.69","92.21","86.13","547.20K","3.82%"
"10/21/2007","88.69","83.66","89.30","81.63","521.57K","5.85%"
"10/14/2007","83.79","80.00","84.88","80.00","415.34K","4.02%"
"10/07/2007","80.55","78.42","80.92","75.64","394.56K","2.09%"
"09/30/2007","78.90","79.25","79.54","76.31","447.52K","-0.34%"
"09/23/2007","79.17","78.90","81.05","76.36","541.33K","-0.16%"
"09/16/2007","79.30","76.20","79.94","75.52","557.21K","4.04%"
"09/09/2007","76.22","74.83","77.93","73.86","323.29K","1.53%"
"09/02/2007","75.07","72.69","75.70","72.69","371.92K","3.27%"
"08/26/2007","72.69","70.55","73.09","69.49","399.80K","2.93%"
"08/19/2007","70.62","69.70","70.84","68.14","430.88K","0.26%"
"08/12/2007","70.44","70.40","72.24","68.87","246.44K","0.07%"
"08/05/2007","70.39","74.45","74.73","68.95","462.07K","-5.83%"
"07/29/2007","74.75","76.06","77.18","74.24","439.12K","-1.98%"
"07/22/2007","76.26","77.32","77.50","74.23","464.54K","-1.78%"
"07/15/2007","77.64","77.55","78.40","75.03","364.57K","0.09%"
"07/08/2007","77.57","75.46","77.70","74.91","242.31K","2.58%"
"07/01/2007","75.62","71.22","76.01","70.92","351.67K","5.90%"
"06/24/2007","71.41","70.75","71.60","69.40","448.86K","0.32%"
"06/17/2007","71.18","71.59","72.25","69.56","488.81K","-0.41%"
"06/10/2007","71.47","68.69","71.88","68.20","238.73K","4.18%"
"06/03/2007","68.60","68.94","71.72","68.41","442.85K","-0.68%"
"05/27/2007","69.07","70.50","70.50","66.80","425.53K","-2.29%"
"05/20/2007","70.69","69.44","71.80","69.10","514.47K","1.83%"
"05/13/2007","69.42","66.65","70.35","65.93","346.86K","3.88%"
"05/06/2007","66.83","65.18","66.98","63.80","437.11K","2.33%"
"04/29/2007","65.31","68.23","68.73","64.95","490.90K","-4.53%"
"04/22/2007","68.41","66.51","68.75","65.98","463.52K","2.89%"
"04/15/2007","66.49","68.75","69.17","64.76","485.22K","-3.60%"
"04/08/2007","68.97","67.87","69.59","66.38","155.64K","1.07%"
"04/01/2007","68.24","67.91","69.58","66.93","304.49K","0.21%"
"03/25/2007","68.10","63.55","69.14","63.33","511.77K","7.79%"
"03/18/2007","63.18","60.64","63.68","60.00","498.02K","4.78%"
"03/11/2007","60.30","61.01","62.11","59.79","268.42K","-1.36%"
"03/04/2007","61.13","61.70","62.84","60.00","405.02K","-1.53%"
"02/25/2007","62.08","61.05","62.74","60.10","465.21K","1.97%"
"02/18/2007","60.88","58.80","61.68","56.81","474.72K","3.27%"
"02/11/2007","58.95","58.51","59.03","56.10","348.59K","-0.10%"
"02/04/2007","59.01","58.55","59.63","56.74","471.65K","1.03%"
"01/28/2007","58.41","55.46","58.67","53.56","529.29K","5.64%"
"01/21/2007","55.29","53.75","55.88","52.18","518.62K","3.46%"
"01/14/2007","53.44","53.09","53.63","50.75","372.75K","0.93%"
"01/07/2007","52.95","55.86","57.19","51.65","490.84K","-4.83%"
"12/31/2006","55.64","60.88","61.64","54.50","385.16K","-8.58%"
"12/24/2006","60.86","62.54","63.30","60.04","177.62K","-2.50%"
"12/17/2006","62.42","63.34","63.59","61.47","335.21K","-1.69%"
"12/10/2006","63.49","62.16","63.61","61.05","199.56K","2.07%"
"12/03/2006","62.20","64.59","64.75","62.13","367.46K","-3.74%"
"11/26/2006","64.62","59.78","64.92","59.47","470.81K","7.65%"
"11/19/2006","60.03","58.50","60.58","58.24","334.67K","1.76%"
"11/12/2006","58.99","59.80","61.37","57.85","330.95K","-1.21%"
"11/05/2006","59.71","58.94","61.43","58.44","419.30K","0.95%"
"10/29/2006","59.15","61.20","61.20","57.39","488.04K","-3.16%"
"10/22/2006","61.08","59.25","62.35","58.52","424.71K","2.35%"
"10/15/2006","59.68","59.40","62.50","58.82","387.80K","0.27%"
"10/08/2006","59.52","60.25","61.66","58.16","343.71K","-0.52%"
"10/01/2006","59.83","62.70","62.82","57.70","454.96K","-4.24%"
"09/24/2006","62.48","60.05","63.63","59.32","450.36K","3.43%"
"09/17/2006","60.41","63.47","64.86","60.11","406.79K","-4.61%"
"09/10/2006","63.33","65.20","65.44","61.96","287.44K","-3.06%"
"09/03/2006","65.33","69.15","69.49","65.16","309.46K","-5.52%"
"08/27/2006","69.15","72.21","72.47","68.82","377.68K","-4.88%"
"08/20/2006","72.70","72.59","74.09","71.61","347.53K","0.55%"
"08/13/2006","72.30","75.16","75.26","71.31","211.61K","-4.40%"
"08/06/2006","75.63","76.15","78.65","75.10","224.10K","-0.71%"
"07/30/2006","76.17","73.22","77.47","72.70","372.62K","3.79%"
"07/23/2006","73.39","73.85","75.54","72.78","445.51K","-0.49%"
"07/16/2006","73.75","77.98","78.18","72.59","485.92K","-4.56%"
"07/09/2006","77.27","73.20","78.03","72.11","217.74K","5.11%"
"07/02/2006","73.51","73.26","75.09","72.45","299.05K","0.00%"
"06/25/2006","73.51","69.86","73.69","69.47","354.45K","5.12%"
"06/18/2006","69.93","68.75","70.38","67.42","406.55K","1.64%"
"06/11/2006","68.80","70.50","71.20","66.33","224.77K","-2.38%"
"06/04/2006","70.48","72.20","72.67","67.73","375.62K","-0.77%"
"05/28/2006","71.03","70.80","71.99","69.01","355.20K","0.62%"
"05/21/2006","70.59","68.95","71.35","67.63","368.89K","2.78%"
"05/14/2006","68.68","71.50","71.50","68.25","317.85K","-4.85%"
"05/07/2006","72.18","71.10","73.88","69.06","349.37K","1.83%"
"04/30/2006","70.88","71.98","74.97","69.79","355.71K","-2.23%"
"04/23/2006","72.50","74.63","74.76","70.45","428.17K","-2.25%"
"04/16/2006","74.17","70.99","74.79","70.52","367.08K","5.75%"
"04/09/2006","70.14","67.30","70.99","67.30","184.25K","4.24%"
"04/02/2006","67.29","66.30","68.24","65.73","325.76K","2.09%"
"03/26/2006","65.91","63.50","67.05","62.80","345.72K","3.78%"
"03/19/2006","63.51","63.29","63.90","60.98","349.85K","0.40%"
"03/12/2006","63.26","60.80","64.35","60.60","168.08K","3.99%"
"03/05/2006","60.83","64.18","64.18","59.26","331.79K","-5.22%"
"02/26/2006","64.18","62.20","64.64","60.36","343.11K","2.52%"
"02/19/2006","62.60","60.00","62.87","59.81","329.25K","4.52%"
"02/12/2006","59.89","59.26","60.97","57.90","266.21K","0.42%"
"02/05/2006","59.64","63.85","64.50","59.41","257.51K","-5.92%"
"01/29/2006","63.39","66.50","67.27","62.15","353.08K","-4.30%"
"01/22/2006","66.24","67.05","67.11","63.87","375.52K","-0.29%"
"01/15/2006","66.43","62.40","67.32","62.40","333.29K","6.70%"
"01/08/2006","62.26","62.75","63.28","61.04","256.60K","-0.73%"
"01/01/2006","62.72","59.35","63.09","59.08","281.53K","6.34%"
"12/25/2005","58.98","56.10","59.23","55.52","129.39K","4.04%"
"12/18/2005","56.69","57.12","57.73","55.81","225.66K","-0.77%"
"12/11/2005","57.13","58.03","60.40","57.06","241.23K","-0.31%"
"12/04/2005","57.31","57.22","59.58","56.85","340.73K","0.46%"
"11/27/2005","57.05","55.30","57.21","53.75","322.29K","3.71%"
"11/20/2005","55.01","55.25","56.66","54.75","226.80K","0.24%"
"11/13/2005","54.88","55.25","56.78","53.90","237.72K","-0.20%"
"11/06/2005","54.99","58.90","59.25","54.74","286.05K","-7.19%"
"10/30/2005","59.25","59.24","60.65","57.44","288.87K","-0.29%"
"10/23/2005","59.42","58.01","60.78","57.36","303.25K","1.61%"
"10/16/2005","58.48","60.28","61.12","57.05","339.60K","-1.47%"
"10/09/2005","59.35","59.20","61.31","57.43","205.66K","0.24%"
"10/02/2005","59.21","63.63","63.96","58.24","272.56K","-6.73%"
"09/25/2005","63.48","62.16","64.72","61.00","308.79K","1.67%"
"09/18/2005","62.44","62.35","65.80","62.01","369.64K","1.02%"
"09/11/2005","61.81","62.83","63.96","61.14","212.58K","-1.64%"
"09/04/2005","62.84","66.00","66.08","61.59","262.68K","-4.87%"
"08/28/2005","66.06","66.65","68.89","64.83","282.00K","1.83%"
"08/21/2005","64.87","64.40","66.65","63.59","317.44K","0.79%"
"08/14/2005","64.36","65.73","66.85","61.45","272.17K","-3.15%"
"08/07/2005","66.45","61.30","66.77","61.24","308.10K","8.81%"
"07/31/2005","61.07","59.85","61.26","59.37","290.25K","2.86%"
"07/24/2005","59.37","57.55","59.84","56.56","300.72K","3.11%"
"07/17/2005","57.58","57.80","58.54","55.25","307.31K","-0.05%"
"07/10/2005","57.61","57.60","59.58","56.50","243.27K","-1.01%"
"07/03/2005","58.20","57.65","60.70","55.55","268.94K","1.15%"
"06/26/2005","57.54","58.85","59.59","55.04","294.47K","-1.41%"
"06/19/2005","58.36","57.80","58.58","56.38","296.36K","1.04%"
"06/12/2005","57.76","52.55","57.95","52.55","196.21K","9.66%"
"06/05/2005","52.67","54.30","54.62","51.61","253.29K","-2.77%"
"05/29/2005","54.17","50.47","54.24","49.87","225.02K","6.84%"
"05/22/2005","50.70","47.91","50.80","47.47","282.06K","5.56%"
"05/15/2005","48.03","48.36","49.80","47.60","244.38K","-1.29%"
"05/08/2005","48.66","51.40","52.43","47.71","232.84K","-4.16%"
"05/01/2005","50.77","51.78","51.98","49.66","195.43K","-0.63%"
"04/24/2005","51.09","55.54","55.74","50.35","233.09K","-7.06%"
"04/17/2005","54.97","51.15","55.40","50.44","217.00K","6.51%"
"04/10/2005","51.61","52.80","53.60","50.40","112.56K","-2.42%"
"04/03/2005","52.89","56.80","57.65","52.58","163.03K","-6.41%"
"03/27/2005","56.51","53.00","56.60","51.80","165.93K","4.78%"
"03/20/2005","53.93","55.59","55.87","52.65","168.44K","-2.99%"
"03/13/2005","55.59","53.09","56.15","52.46","121.94K","4.69%"
"03/06/2005","53.10","51.74","54.30","50.95","145.14K","2.51%"
"02/27/2005","51.80","50.00","53.00","49.05","230.53K","4.41%"
"02/20/2005","49.61","46.45","49.90","46.39","256.25K","7.06%"
"02/13/2005","46.34","45.07","46.64","44.65","187.56K","3.44%"
"02/06/2005","44.80","43.70","44.92","42.46","154.98K","2.07%"
"01/30/2005","43.89","44.50","45.95","43.15","187.51K","-2.36%"
"01/23/2005","44.95","46.20","47.35","44.50","202.24K","-1.71%"
"01/16/2005","45.73","45.35","46.35","43.73","197.93K","1.28%"
"01/09/2005","45.15","43.20","45.47","42.50","107.07K","4.56%"
"01/02/2005","43.18","39.40","43.75","38.81","163.61K","6.72%"
"12/26/2004","40.46","38.70","40.59","38.40","79.96K","0.97%"
"12/19/2004","40.07","43.10","43.40","39.95","138.09K","-7.65%"
"12/12/2004","43.39","37.80","43.45","37.00","119.26K","16.08%"
"12/05/2004","37.38","39.50","40.52","37.30","180.40K","-5.03%"
"11/28/2004","39.36","44.70","46.70","38.85","232.50K","-11.69%"
"11/21/2004","44.57","44.95","45.95","43.50","177.94K","-0.71%"
"11/14/2004","44.89","42.19","44.90","40.05","220.87K","6.10%"
"11/07/2004","42.31","46.30","46.30","42.20","139.63K","-8.85%"
"10/31/2004","46.42","49.20","49.60","45.45","219.05K","-5.23%"
"10/24/2004","48.98","51.30","51.94","47.68","258.17K","-4.37%"
"10/17/2004","51.22","50.30","51.65","47.90","240.27K","2.58%"
"10/10/2004","49.93","49.60","51.50","48.50","141.86K","0.44%"
"10/03/2004","49.71","46.25","49.75","45.80","194.64K","6.63%"
"09/26/2004","46.62","45.70","46.80","45.05","180.40K","2.85%"
"09/19/2004","45.33","42.55","45.75","42.10","201.20K","6.78%"
"09/12/2004","42.45","41.05","42.52","40.00","209.57K","5.60%"
"09/05/2004","40.20","41.30","42.60","40.00","201.24K","-2.50%"
"08/29/2004","41.23","39.75","43.04","39.20","182.00K","1.45%"
"08/22/2004","40.64","43.88","44.05","39.67","253.14K","-6.66%"
"08/15/2004","43.54","43.85","45.15","42.15","193.86K","-0.77%"
"08/08/2004","43.88","40.40","43.92","40.27","179.63K","8.00%"
"08/01/2004","40.63","39.70","41.50","39.54","203.14K","1.50%"
"07/25/2004","40.03","38.50","40.05","37.75","209.16K","4.60%"
"07/18/2004","38.27","37.50","38.40","36.96","202.45K","0.71%"
"07/11/2004","38.00","36.95","38.58","36.11","156.24K","2.56%"
"07/04/2004","37.05","36.10","37.80","36.10","200.25K","3.15%"
"06/27/2004","35.92","34.60","36.45","33.08","233.52K","2.72%"
"06/20/2004","34.97","36.04","36.59","34.60","265.06K","-3.42%"
"06/13/2004","36.21","35.75","36.70","34.73","197.86K","2.17%"
"06/06/2004","35.44","35.67","36.55","34.43","209.77K","-0.64%"
"05/30/2004","35.67","37.15","39.12","35.50","201.69K","-2.49%"
"05/23/2004","36.58","36.10","38.20","35.95","255.22K","0.19%"
"05/16/2004","36.51","38.25","38.50","36.35","239.76K","-5.80%"
"05/09/2004","38.76","36.74","38.90","35.33","210.46K","4.76%"
"05/02/2004","37.00","35.22","37.20","34.95","181.75K","7.31%"
"04/25/2004","34.48","33.35","35.00","33.25","241.10K","4.20%"
"04/18/2004","33.09","33.58","34.20","32.31","242.50K","-1.63%"
"04/11/2004","33.64","33.70","34.05","32.42","126.57K","0.90%"
"04/04/2004","33.34","30.80","33.40","30.15","172.14K","10.36%"
"03/28/2004","30.21","31.66","33.00","29.95","228.81K","-5.56%"
"03/21/2004","31.99","33.04","33.60","31.20","214.00K","-3.82%"
"03/14/2004","33.26","32.50","33.82","32.34","192.76K","3.16%"
"03/07/2004","32.24","33.51","33.57","31.62","200.49K","-3.33%"
"02/29/2004","33.35","32.33","33.58","31.81","198.78K","3.48%"
"02/22/2004","32.23","30.55","32.35","30.45","237.57K","5.02%"
"02/15/2004","30.69","30.55","31.37","30.00","186.26K","0.39%"
"02/08/2004","30.57","29.05","30.78","28.77","184.80K","6.04%"
"02/01/2004","28.83","29.00","30.38","28.44","211.87K","-1.20%"
"01/25/2004","29.18","30.76","30.83","28.81","258.27K","-5.75%"
"01/18/2004","30.96","30.65","31.32","30.20","212.91K","1.61%"
"01/11/2004","30.47","31.43","32.12","29.45","182.99K","-2.87%"
"01/04/2004","31.37","29.65","31.80","29.65","223.10K","6.99%"
"12/28/2003","29.32","29.50","30.20","29.15","78.17K","0.89%"
"12/21/2003","29.06","30.00","30.11","28.47","100.00K","-3.29%"
"12/14/2003","30.05","29.61","31.15","29.60","168.76K","-1.05%"
"12/07/2003","30.37","28.91","30.50","28.89","194.85K","5.67%"
"11/30/2003","28.74","28.43","29.65","27.76","232.59K","1.02%"
"11/23/2003","28.45","29.01","29.15","27.40","197.32K","-3.10%"
"11/16/2003","29.36","29.56","30.52","28.65","261.67K","-0.68%"
"11/09/2003","29.56","29.26","29.75","28.65","187.60K","2.25%"
"11/02/2003","28.91","27.98","29.20","26.97","210.14K","4.37%"
"10/26/2003","27.70","28.66","28.80","26.75","235.65K","-3.08%"
"10/19/2003","28.58","28.75","29.25","27.85","245.81K","-1.55%"
"10/12/2003","29.03","30.71","31.20","28.55","153.99K","-6.05%"
"10/05/2003","30.90","28.94","31.50","28.32","153.52K","7.63%"
"09/28/2003","28.71","26.78","28.78","26.74","188.24K","7.77%"
"09/21/2003","26.64","25.20","27.20","25.05","197.38K","5.21%"
"09/14/2003","25.32","26.77","26.85","25.10","193.21K","-5.42%"
"09/07/2003","26.77","27.37","27.72","26.25","184.42K","-1.62%"
"08/31/2003","27.21","29.45","29.55","26.81","238.74K","-7.73%"
"08/24/2003","29.49","29.40","29.89","29.10","149.68K","-0.71%"
"08/17/2003","29.70","29.20","30.15","28.02","177.00K","3.09%"
"08/10/2003","28.81","29.85","30.20","28.38","183.79K","-3.93%"
"08/03/2003","29.99","29.63","30.59","29.30","194.39K","0.00%"
"07/27/2003","29.99","28.00","30.05","27.61","189.06K","6.42%"
"07/20/2003","28.18","29.00","29.00","27.29","219.22K","-2.59%"
"07/13/2003","28.93","28.95","29.30","28.33","162.79K","-0.89%"
"07/06/2003","29.19","27.85","29.60","27.21","177.44K","5.65%"
"06/29/2003","27.63","27.55","28.76","27.10","184.76K","1.21%"
"06/22/2003","27.30","27.15","27.75","26.51","183.33K","1.04%"
"06/15/2003","27.02","26.65","27.16","25.80","236.50K","-1.60%"
"06/08/2003","27.46","27.78","28.52","27.10","151.87K","-1.15%"
"06/01/2003","27.78","26.70","27.87","26.35","195.79K","5.55%"
"05/25/2003","26.32","26.28","26.72","25.27","161.50K","0.30%"
"05/18/2003","26.24","26.30","26.70","25.32","228.33K","0.54%"
"05/11/2003","26.10","25.58","27.01","24.84","186.80K","3.98%"
"05/04/2003","25.10","24.25","25.47","23.37","182.29K","6.72%"
"04/27/2003","23.52","23.75","24.39","23.05","198.13K","-2.37%"
"04/20/2003","24.09","25.95","26.11","23.50","215.84K","-6.92%"
"04/13/2003","25.88","24.65","25.90","24.20","125.76K","4.57%"
"04/06/2003","24.75","24.30","25.40","23.40","151.62K","0.28%"
"03/30/2003","24.68","26.36","27.56","24.30","185.84K","-6.34%"
"03/23/2003","26.35","24.50","27.74","24.50","207.20K","8.21%"
"03/16/2003","24.35","30.35","31.65","24.00","266.15K","-22.40%"
"03/09/2003","31.38","34.55","34.55","30.55","128.50K","-7.98%"
"03/02/2003","34.10","32.45","34.20","32.01","188.48K","4.00%"
"02/23/2003","32.79","32.55","33.94","32.20","225.75K","1.61%"
"02/16/2003","32.27","32.66","32.66","31.54","163.26K","-0.71%"
"02/09/2003","32.50","32.60","33.10","31.58","186.69K","0.49%"
"02/02/2003","32.34","30.89","32.50","30.10","189.54K","3.99%"
"01/26/2003","31.10","30.75","31.39","29.83","193.63K","2.00%"
"01/19/2003","30.49","30.75","31.21","29.60","218.62K","-0.16%"
"01/12/2003","30.54","29.30","31.80","29.20","144.42K","2.93%"
"01/05/2003","29.67","30.69","30.88","27.85","219.41K","-3.57%"
"12/29/2002","30.77","30.60","31.02","28.64","107.39K","2.02%"
"12/22/2002","30.16","28.90","30.39","28.82","71.30K","6.42%"
"12/15/2002","28.34","27.71","29.40","27.55","190.95K","4.15%"
"12/08/2002","27.21","25.90","27.74","25.47","173.51K","6.87%"
"12/01/2002","25.46","25.35","26.10","25.12","194.19K","1.19%"
"11/24/2002","25.16","25.51","25.71","24.65","169.35K","-0.20%"
"11/17/2002","25.21","23.59","25.33","23.52","222.07K","7.97%"
"11/10/2002","23.35","23.75","24.30","22.56","185.18K","-0.98%"
"11/03/2002","23.58","25.25","25.54","23.25","256.90K","-7.20%"
"10/27/2002","25.41","25.60","26.05","25.05","187.92K","-0.20%"
"10/20/2002","25.46","27.72","27.75","25.35","233.68K","-8.55%"
"10/13/2002","27.84","28.06","28.78","27.55","131.46K","-0.54%"
"10/06/2002","27.99","28.50","28.60","27.35","145.45K","-0.46%"
"09/29/2002","28.12","29.30","29.39","27.90","185.78K","-2.63%"
"09/22/2002","28.88","28.86","29.88","28.66","159.71K","1.58%"
"09/15/2002","28.43","28.68","28.70","27.27","182.40K","0.42%"
"09/08/2002","28.31","28.61","29.02","27.48","115.93K","0.07%"
"09/01/2002","28.29","27.40","28.95","26.45","187.46K","2.99%"
"08/25/2002","27.47","27.68","27.92","26.77","141.55K","1.78%"
"08/18/2002","26.99","26.80","27.68","26.75","202.52K","-0.04%"
"08/11/2002","27.00","25.30","27.20","25.00","132.01K","6.55%"
"08/04/2002","25.34","25.35","25.56","24.73","146.87K","0.12%"
"07/28/2002","25.31","25.03","26.01","24.65","179.42K","1.12%"
"07/21/2002","25.03","25.23","26.15","24.65","207.32K","-5.30%"
"07/14/2002","26.43","26.50","26.66","25.85","170.36K","0.42%"
"07/07/2002","26.32","25.70","26.44","24.75","146.75K","2.29%"
"06/30/2002","25.73","25.50","25.97","25.39","122.67K","0.59%"
"06/23/2002","25.58","24.89","25.85","24.66","188.28K","3.35%"
"06/16/2002","24.75","25.28","25.64","24.35","190.95K","-0.96%"
"06/09/2002","24.99","23.94","25.10","23.22","166.67K","4.17%"
"06/02/2002","23.99","24.10","24.55","23.63","97.89K","-1.88%"
"05/26/2002","24.45","25.27","25.30","23.93","179.03K","-2.90%"
"05/19/2002","25.18","26.36","26.67","24.98","235.28K","-4.48%"
"05/12/2002","26.36","25.90","27.35","25.75","141.78K","-0.08%"
"05/05/2002","26.38","25.40","26.56","24.78","133.75K","2.45%"
"04/28/2002","25.75","25.95","26.73","24.79","200.34K","-1.68%"
"04/21/2002","26.19","26.30","26.39","25.32","212.90K","1.32%"
"04/14/2002","25.85","24.62","26.05","24.08","221.55K","6.42%"
"04/07/2002","24.29","26.78","27.43","23.81","147.16K","-6.54%"
"03/31/2002","25.99","26.36","28.15","25.30","169.78K","0.27%"
"03/24/2002","25.92","25.15","25.95","24.65","133.87K","2.21%"
"03/17/2002","25.36","24.40","25.68","24.16","191.03K","3.30%"
"03/10/2002","24.55","23.80","24.85","23.37","124.58K","5.23%"
"03/03/2002","23.33","21.85","24.15","21.62","193.71K","6.58%"
"02/24/2002","21.89","20.30","22.25","19.85","229.43K","7.46%"
"02/17/2002","20.37","20.87","20.89","19.80","137.47K","-2.40%"
"02/10/2002","20.87","19.65","21.71","19.50","180.87K","5.83%"
"02/03/2002","19.72","19.80","19.92","18.85","162.83K","-1.30%"
"01/27/2002","19.98","19.60","20.03","18.38","202.17K","3.15%"
"01/20/2002","19.37","18.52","19.60","18.41","168.09K","4.99%"
"01/13/2002","18.45","20.60","20.68","18.23","133.69K","-11.55%"
"01/06/2002","20.86","22.00","22.40","20.45","157.45K","-5.95%"
"12/30/2001","22.18","20.20","22.20","19.46","107.34K","9.26%"
"12/23/2001","20.30","19.58","20.90","19.32","60.06K","4.86%"
"12/16/2001","19.36","19.05","19.86","18.65","159.55K","5.33%"
"12/09/2001","18.38","18.70","18.70","17.70","129.10K","-3.42%"
"12/02/2001","19.03","18.92","20.25","17.75","177.30K","-0.57%"
"11/25/2001","19.14","18.60","19.22","17.98","173.95K","-0.73%"
"11/18/2001","19.28","17.40","20.08","16.65","196.11K","8.62%"
"11/11/2001","17.75","21.63","21.63","16.80","159.32K","-16.98%"
"11/04/2001","21.38","19.72","21.65","18.81","161.89K","8.14%"
"10/28/2001","19.77","21.25","21.52","19.04","179.46K","-5.95%"
"10/21/2001","21.02","21.33","21.59","20.53","181.02K","-1.55%"
"10/14/2001","21.35","21.70","21.93","20.32","129.60K","-1.75%"
"10/07/2001","21.73","21.80","23.02","21.22","120.78K","0.46%"
"09/30/2001","21.63","23.20","23.25","21.29","162.19K","-7.01%"
"09/23/2001","23.26","25.10","25.16","20.70","262.19K","-8.57%"
"09/16/2001","25.44","29.43","29.80","25.29","282.23K","-13.56%"
"09/09/2001","29.43","27.60","31.05","27.25","173.95K","6.28%"
"09/02/2001","27.69","26.50","27.80","26.06","160.71K","4.85%"
"08/26/2001","26.41","25.85","26.79","25.80","119.54K","1.77%"
"08/19/2001","25.95","24.68","26.20","24.50","164.99K","4.93%"
"08/12/2001","24.73","26.15","26.33","24.65","128.75K","-4.81%"
"08/05/2001","25.98","25.62","26.55","25.51","110.69K","1.13%"
"07/29/2001","25.69","25.19","26.18","24.67","121.19K","1.98%"
"07/22/2001","25.19","25.10","25.51","24.70","149.52K","2.23%"
"07/15/2001","24.64","24.95","25.54","23.97","173.15K","-1.32%"
"07/08/2001","24.97","26.70","26.76","24.53","156.72K","-6.86%"
"07/01/2001","26.81","26.30","26.90","25.07","132.71K","2.80%"
"06/24/2001","26.08","26.65","27.31","24.91","189.70K","-1.92%"
"06/17/2001","26.59","28.08","28.08","25.87","205.79K","-5.44%"
"06/10/2001","28.12","29.72","30.00","27.98","104.41K","-4.48%"
"06/03/2001","29.44","29.43","29.71","28.43","131.28K","1.27%"
"05/27/2001","29.07","28.47","29.35","28.38","128.00K","2.07%"
"05/20/2001","28.48","29.68","29.68","28.20","176.38K","-3.10%"
"05/13/2001","29.39","28.19","29.45","27.78","103.83K","4.26%"
"05/06/2001","28.19","27.60","28.80","27.50","79.25K","0.00%"
"04/29/2001","28.19","27.90","28.48","27.01","160.76K","1.44%"
"04/22/2001","27.79","26.35","28.00","26.20","165.37K","5.31%"
"04/15/2001","26.39","27.95","28.25","26.35","145.00K","-3.58%"
"04/08/2001","27.37","25.15","27.87","25.08","109.55K","8.74%"
"04/01/2001","25.17","24.85","25.95","24.10","148.28K","1.74%"
"03/25/2001","24.74","25.54","25.97","24.33","155.58K","-2.52%"
"03/18/2001","25.38","25.30","25.58","24.50","175.09K","1.32%"
"03/11/2001","25.05","26.10","26.25","23.75","126.09K","-4.86%"
"03/04/2001","26.33","26.18","27.25","26.18","116.38K","1.27%"
"02/25/2001","26.00","26.50","26.67","25.40","146.43K","-1.96%"
"02/18/2001","26.52","27.40","27.62","26.05","132.89K","-1.38%"
"02/11/2001","26.89","29.30","29.39","26.35","135.03K","-8.07%"
"02/04/2001","29.25","29.20","30.36","28.08","95.52K","0.21%"
"01/28/2001","29.19","26.85","29.30","26.25","171.93K","8.19%"
"01/21/2001","26.98","26.90","27.28","25.83","152.22K","-0.22%"
"01/14/2001","27.04","25.98","27.16","24.33","148.36K","5.01%"
"01/07/2001","25.75","25.33","25.90","24.12","131.12K","2.26%"
"12/31/2000","25.18","24.40","26.02","24.20","129.40K","5.49%"
"12/24/2000","23.87","24.30","24.54","23.02","64.73K","0.89%"
"12/17/2000","23.66","26.14","26.84","22.90","149.60K","-8.61%"
"12/10/2000","25.89","26.98","27.82","25.00","85.80K","-2.52%"
"12/03/2000","26.56","30.50","30.81","26.13","171.98K","-11.97%"
"11/26/2000","30.17","33.00","33.45","30.10","160.10K","-8.91%"
"11/19/2000","33.12","33.38","33.95","32.65","102.92K","0.12%"
"11/12/2000","33.08","32.30","34.00","31.95","107.90K","3.31%"
"11/05/2000","32.02","30.63","32.20","30.40","125.04K","3.79%"
"10/29/2000","30.85","30.74","31.71","30.32","131.04K","-0.32%"
"10/22/2000","30.95","32.05","32.29","30.75","147.38K","-2.12%"
"10/15/2000","31.62","31.95","32.97","30.56","148.67K","-2.77%"
"10/08/2000","32.52","30.70","35.30","30.24","109.39K","8.04%"
"10/01/2000","30.10","30.20","31.27","29.42","110.67K","0.87%"
"09/24/2000","29.84","30.25","31.27","29.25","175.06K","-4.51%"
"09/17/2000","31.25","33.80","34.98","31.20","218.40K","-8.03%"
"09/10/2000","33.98","32.20","34.37","31.30","142.29K","3.66%"
"09/03/2000","32.78","31.95","34.60","31.95","160.77K","2.92%"
"08/27/2000","31.85","31.49","32.12","30.67","92.79K","4.80%"
"08/20/2000","30.39","30.60","31.24","29.90","154.01K","-0.16%"
"08/13/2000","30.44","30.50","32.80","30.00","106.95K","-0.43%"
"08/06/2000","30.57","29.45","31.44","28.37","112.67K","4.09%"
"07/30/2000","29.37","27.35","29.55","26.65","140.39K","7.35%"
"07/23/2000","27.36","27.50","27.67","26.78","155.79K","-0.58%"
"07/16/2000","27.52","28.90","29.80","27.47","200.66K","-7.90%"
"07/09/2000","29.88","29.35","30.30","28.51","121.23K","0.61%"
"07/02/2000","29.70","30.65","31.25","28.55","157.31K","-2.85%"
"06/25/2000","30.57","30.65","31.15","29.36","141.82K","0.59%"
"06/18/2000","30.39","27.95","30.60","27.58","180.62K","7.20%"
"06/11/2000","28.35","29.85","31.70","27.69","148.10K","-4.16%"
"06/04/2000","29.58","29.40","29.63","27.90","140.56K","1.82%"
"05/28/2000","29.05","28.65","29.52","28.20","112.20K","-0.58%"
"05/21/2000","29.22","28.55","29.47","27.10","152.17K","2.20%"
"05/14/2000","28.59","27.64","29.20","27.48","139.71K","1.93%"
"05/07/2000","28.05","25.30","28.38","25.25","123.25K","10.91%"
"04/30/2000","25.29","24.10","25.70","24.05","127.58K","5.86%"
"04/23/2000","23.89","23.85","24.35","22.95","128.47K","0.25%"
"04/16/2000","23.83","22.15","24.00","21.90","127.44K","6.34%"
"04/09/2000","22.41","22.40","23.20","21.30","130.42K","-0.75%"
"04/02/2000","22.58","25.00","25.22","22.50","134.00K","-8.84%"
"03/26/2000","24.77","25.65","25.96","24.25","158.26K","-4.40%"
"03/19/2000","25.91","26.40","26.43","25.14","163.34K","-2.45%"
"03/12/2000","26.56","28.90","29.13","26.45","115.84K","-8.22%"
"03/05/2000","28.94","28.95","31.95","28.30","139.34K","-0.17%"
"02/27/2000","28.99","27.20","29.47","27.20","143.38K","5.49%"
"02/20/2000","27.48","26.35","28.00","25.73","147.88K","4.81%"
"02/13/2000","26.22","27.85","28.78","26.20","125.26K","-5.75%"
"02/06/2000","27.82","26.85","28.20","26.06","148.84K","2.77%"
"01/30/2000","27.07","25.40","27.10","25.21","185.63K","5.41%"
"01/23/2000","25.68","26.68","26.95","25.38","171.39K","-2.54%"
"01/16/2000","26.35","25.55","27.11","25.42","188.49K","3.46%"
"01/09/2000","25.47","23.04","25.56","23.04","103.38K","10.31%"
"01/02/2000","23.09","23.90","24.70","23.05","142.31K","-7.93%"
"12/26/1999","25.08","25.90","25.90","25.05","42.60K","-0.52%"
"12/19/1999","25.21","25.45","25.48","24.54","76.66K","-1.21%"
"12/12/1999","25.52","24.70","26.15","24.13","108.66K","4.33%"
"12/05/1999","24.46","25.24","25.80","23.73","154.98K","-1.96%"
"11/28/1999","24.95","25.20","25.27","23.20","178.92K","-1.62%"
"11/21/1999","25.36","25.90","25.90","25.10","133.31K","1.16%"
"11/14/1999","25.07","24.85","25.21","24.16","150.00K","1.95%"
"11/07/1999","24.59","22.63","24.81","22.63","116.36K","7.71%"
"10/31/1999","22.83","21.85","23.10","21.74","135.59K","5.26%"
"10/24/1999","21.69","23.25","23.40","21.40","168.61K","-5.41%"
"10/17/1999","22.93","22.65","23.05","21.55","181.73K","1.91%"
"10/10/1999","22.50","20.70","22.60","20.35","109.40K","8.70%"
"10/03/1999","20.70","23.55","23.58","20.20","192.98K","-12.55%"
"09/26/1999","23.67","23.80","24.30","23.48","120.91K","-0.96%"
"09/19/1999","23.90","22.85","24.06","22.32","124.63K","4.82%"
"09/12/1999","22.80","23.35","23.80","22.60","118.75K","-2.73%"
"09/05/1999","23.44","21.25","23.50","21.20","146.87K","11.46%"
"08/29/1999","21.03","21.22","21.45","20.74","114.25K","1.30%"
"08/22/1999","20.76","21.11","21.27","19.67","166.89K","-1.10%"
"08/15/1999","20.99","20.58","21.24","20.26","117.14K","1.45%"
"08/08/1999","20.69","20.10","21.00","19.98","114.07K","3.14%"
"08/01/1999","20.06","19.28","20.07","19.20","129.95K","3.56%"
"07/25/1999","19.37","19.50","19.95","18.90","140.39K","-0.82%"
"07/18/1999","19.53","19.20","19.55","18.15","153.48K","0.93%"
"07/11/1999","19.35","18.55","19.43","18.31","103.35K","4.54%"
"07/04/1999","18.51","17.85","18.64","17.82","132.72K","4.81%"
"06/27/1999","17.66","16.64","17.76","16.50","114.45K","6.26%"
"06/20/1999","16.62","16.45","16.86","16.08","120.37K","0.73%"
"06/13/1999","16.50","16.55","17.20","16.28","129.86K","-1.37%"
"06/06/1999","16.73","15.64","16.75","15.51","127.73K","7.38%"
"05/30/1999","15.58","14.95","15.60","14.53","117.78K","2.50%"
"05/23/1999","15.20","15.50","15.66","15.01","109.69K","-2.44%"
"05/16/1999","15.58","15.85","15.94","14.91","187.74K","-3.89%"
"05/09/1999","16.21","16.38","16.52","15.45","148.12K","-1.22%"
"05/02/1999","16.41","16.70","17.09","16.07","148.68K","-0.97%"
"04/25/1999","16.57","15.82","16.68","15.47","152.32K","4.28%"
"04/18/1999","15.89","15.72","16.20","15.60","141.11K","1.27%"
"04/11/1999","15.69","14.87","15.75","14.74","112.47K","5.59%"
"04/04/1999","14.86","15.07","15.15","14.00","126.94K","0.95%"
"03/28/1999","14.72","14.40","15.28","14.30","98.56K","2.15%"
"03/21/1999","14.41","13.70","14.43","13.39","158.94K","7.14%"
"03/14/1999","13.45","12.63","13.97","12.43","145.32K","7.09%"
"03/07/1999","12.56","11.85","13.19","11.49","157.30K","8.65%"
"02/28/1999","11.56","10.93","11.76","10.63","141.15K","6.25%"
"02/21/1999","10.88","10.45","11.22","10.35","150.81K","4.62%"
"02/14/1999","10.40","10.45","10.78","9.90","87.22K","-0.29%"
"02/07/1999","10.43","10.43","10.52","10.03","90.27K","0.19%"
"01/31/1999","10.41","11.41","11.45","10.33","141.05K","-8.28%"
"01/24/1999","11.35","11.03","11.37","10.46","139.07K","2.25%"
"01/17/1999","11.10","10.85","11.25","10.42","134.74K","2.87%"
"01/10/1999","10.79","11.90","12.33","10.78","83.18K","-8.01%"
"01/03/1999","11.73","10.93","11.89","10.51","165.17K","11.40%"
"12/27/1998","10.53","10.42","10.63","10.31","57.42K","4.15%"
"12/20/1998","10.11","9.95","10.28","9.55","79.04K","1.30%"
"12/13/1998","9.98","9.97","11.30","9.82","135.55K","1.63%"
"12/06/1998","9.82","10.39","10.64","9.60","140.44K","-3.63%"
"11/29/1998","10.19","11.00","11.00","10.06","118.47K","-8.53%"
"11/22/1998","11.14","11.84","11.87","10.65","122.85K","-4.62%"
"11/15/1998","11.68","12.03","12.32","11.15","150.68K","-6.11%"
"11/08/1998","12.44","12.45","12.67","11.85","128.74K","0.73%"
"11/01/1998","12.35","13.32","13.44","12.33","149.83K","-6.58%"
"10/25/1998","13.22","13.00","13.38","12.72","151.99K","3.61%"
"10/18/1998","12.76","13.25","13.36","12.22","175.50K","-2.82%"
"10/11/1998","13.13","13.29","13.40","12.50","104.08K","-1.06%"
"10/04/1998","13.27","14.13","14.29","12.95","128.82K","-7.59%"
"09/27/1998","14.36","14.53","14.90","13.93","122.73K","-0.49%"
"09/20/1998","14.43","14.33","14.90","14.10","135.32K","1.83%"
"09/13/1998","14.17","13.09","14.31","12.83","142.00K","9.59%"
"09/06/1998","12.93","13.40","13.74","12.75","127.12K","-2.85%"
"08/30/1998","13.31","12.30","13.72","12.19","120.25K","5.97%"
"08/23/1998","12.56","12.30","12.70","11.98","136.87K","2.36%"
"08/16/1998","12.27","12.55","12.68","12.02","114.51K","1.83%"
"08/09/1998","12.05","12.60","12.69","11.55","123.89K","-4.29%"
"08/02/1998","12.59","13.06","13.06","12.42","109.29K","-3.82%"
"07/26/1998","13.09","12.90","13.25","12.82","118.56K","2.03%"
"07/19/1998","12.83","12.85","13.01","12.25","118.25K","0.23%"
"07/12/1998","12.80","12.68","13.36","12.60","106.87K","-0.47%"
"07/05/1998","12.86","13.46","13.54","12.70","102.12K","-5.09%"
"06/28/1998","13.55","13.15","13.70","13.07","97.94K","2.57%"
"06/21/1998","13.21","13.00","14.39","12.95","183.08K","2.80%"
"06/14/1998","12.85","12.55","13.49","12.15","150.70K","3.55%"
"06/07/1998","12.41","14.53","14.57","12.40","135.79K","-15.00%"
"05/31/1998","14.60","14.21","14.76","13.76","120.84K","1.60%"
"05/24/1998","14.37","14.07","14.44","13.65","118.26K","2.20%"
"05/17/1998","14.06","14.28","14.52","13.65","140.88K","-2.36%"
"05/10/1998","14.40","14.70","15.29","14.31","110.64K","-1.97%"
"05/03/1998","14.69","14.85","14.95","14.44","122.66K","-2.91%"
"04/26/1998","15.13","13.98","15.26","13.75","136.14K","8.85%"
"04/19/1998","13.90","14.35","14.68","13.81","147.24K","-3.20%"
"04/12/1998","14.36","13.70","14.95","13.32","115.39K","2.57%"
"04/05/1998","14.00","14.35","14.35","13.57","101.25K","-2.85%"
"03/29/1998","14.41","15.45","15.52","13.91","117.67K","-6.43%"
"03/22/1998","15.40","14.90","15.82","14.15","195.10K","16.49%"
"03/15/1998","13.22","12.65","13.52","11.90","157.71K","3.61%"
"03/08/1998","12.76","13.45","13.45","12.70","140.61K","-6.11%"
"03/01/1998","13.59","14.30","14.30","13.57","118.66K","-4.09%"
"02/22/1998","14.17","14.12","14.53","13.73","150.67K","-3.41%"
"02/15/1998","14.67","14.85","15.30","14.22","116.02K","-1.21%"
"02/08/1998","14.85","15.30","15.37","14.50","111.59K","-2.94%"
"02/01/1998","15.30","15.95","15.95","14.96","112.13K","-4.14%"
"01/25/1998","15.96","14.90","16.73","14.86","151.18K","8.28%"
"01/18/1998","14.74","15.69","15.89","14.70","119.07K","-4.72%"
"01/11/1998","15.47","15.10","15.72","15.10","102.00K","-0.19%"
"01/04/1998","15.50","16.25","16.29","15.45","147.07K","-5.60%"
"12/28/1997","16.42","17.13","17.18","16.40","64.13K","-5.25%"
"12/21/1997","17.33","17.35","17.49","17.15","30.79K","-1.14%"
"12/14/1997","17.53","17.25","18.01","17.10","98.54K","1.27%"
"12/07/1997","17.31","18.27","18.34","17.20","83.61K","-4.52%"
"11/30/1997","18.13","18.44","18.48","17.87","109.26K","-4.28%"
"11/23/1997","18.94","18.84","19.13","18.36","94.49K","0.32%"
"11/16/1997","18.88","19.71","19.78","18.54","131.96K","-5.84%"
"11/09/1997","20.05","20.08","20.15","19.44","105.72K","1.31%"
"11/02/1997","19.79","20.45","20.45","19.35","91.49K","-1.15%"
"10/26/1997","20.02","20.10","20.32","19.30","139.50K","0.65%"
"10/19/1997","19.89","19.85","20.39","19.63","102.16K","0.71%"
"10/12/1997","19.75","20.42","20.62","19.49","104.63K","-4.73%"
"10/05/1997","20.73","21.63","21.75","20.45","110.97K","-4.07%"
"09/28/1997","21.61","19.54","21.67","19.43","136.87K","10.48%"
"09/21/1997","19.56","18.53","19.60","18.48","127.08K","6.30%"
"09/14/1997","18.40","18.20","18.80","18.16","95.80K","0.77%"
"09/07/1997","18.26","18.55","18.56","18.20","99.02K","-1.14%"
"08/31/1997","18.47","18.50","18.75","18.15","94.52K","-0.22%"
"08/24/1997","18.51","18.25","18.75","18.10","87.69K","-0.16%"
"08/17/1997","18.54","18.85","19.29","18.45","104.94K","-2.37%"
"08/10/1997","18.99","18.40","19.29","18.35","88.88K","2.76%"
"08/03/1997","18.48","18.90","19.64","18.28","111.59K","-2.48%"
"07/27/1997","18.95","18.63","19.09","18.35","124.20K","2.27%"
"07/20/1997","18.53","18.12","18.59","17.98","85.35K","2.26%"
"07/13/1997","18.12","18.21","18.79","17.80","119.93K","0.17%"
"07/06/1997","18.09","18.08","18.40","17.85","88.58K","0.17%"
"06/29/1997","18.06","18.35","18.96","18.04","112.45K","-0.66%"
"06/22/1997","18.18","17.86","18.45","17.70","105.78K","2.89%"
"06/15/1997","17.67","17.85","18.32","17.48","118.63K","-0.11%"
"06/08/1997","17.69","17.75","17.90","17.32","86.05K","-0.06%"
"06/01/1997","17.70","19.31","19.62","17.59","112.85K","-8.76%"
"05/25/1997","19.40","19.84","19.88","19.09","85.33K","-3.00%"
"05/18/1997","20.00","20.10","20.36","19.75","98.13K","-1.72%"
"05/11/1997","20.35","19.00","20.60","19.00","85.58K","7.50%"
"05/04/1997","18.93","17.97","18.94","17.87","75.98K","5.34%"
"04/27/1997","17.97","18.23","18.75","17.88","100.21K","-1.64%"
"04/20/1997","18.27","18.05","18.64","17.81","114.67K","1.95%"
"04/13/1997","17.92","18.05","18.30","17.61","103.27K","0.22%"
"04/06/1997","17.88","17.90","18.34","17.54","95.90K","1.13%"
"03/30/1997","17.68","19.06","19.27","17.65","97.70K","-8.77%"
"03/23/1997","19.38","19.92","19.92","19.20","115.72K","-3.05%"
"03/16/1997","19.99","19.80","20.84","19.38","130.24K","-0.74%"
"03/09/1997","20.14","19.85","20.35","18.90","103.31K","1.41%"
"03/02/1997","19.86","18.95","20.07","18.68","119.61K","5.36%"
"02/23/1997","18.85","19.75","19.87","18.80","125.60K","-4.75%"
"02/16/1997","19.79","20.40","20.74","19.76","78.96K","-3.42%"
"02/09/1997","20.49","21.17","21.38","20.30","89.55K","-2.20%"
"02/02/1997","20.95","22.45","22.77","20.89","118.59K","-6.97%"
"01/26/1997","22.52","22.25","23.25","22.00","117.20K","1.17%"
"01/19/1997","22.26","22.40","22.91","22.25","116.72K","-1.24%"
"01/12/1997","22.54","24.46","24.60","22.53","92.52K","-7.40%"
"01/05/1997","24.34","24.16","24.91","24.15","98.82K","0.91%"
"12/29/1996","24.12","23.60","24.61","23.55","50.68K","2.99%"
"12/22/1996","23.42","23.40","23.67","23.16","32.47K","-0.17%"
"12/15/1996","23.46","23.55","24.25","23.21","72.67K","-0.30%"
"12/08/1996","23.53","24.25","24.25","22.00","101.26K","-4.12%"
"12/01/1996","24.54","22.85","24.65","22.68","107.27K","7.77%"
"11/24/1996","22.77","23.15","23.18","22.49","75.23K","-1.13%"
"11/17/1996","23.03","23.18","23.70","22.38","119.77K","-1.16%"
"11/10/1996","23.30","23.15","23.99","22.75","103.89K","1.39%"
"11/03/1996","22.98","22.59","23.00","22.11","103.37K","2.13%"
"10/27/1996","22.50","24.23","24.56","22.45","106.45K","-7.10%"
"10/20/1996","24.22","24.65","24.84","23.65","99.80K","-1.26%"
"10/13/1996","24.53","24.15","25.06","23.72","72.92K","2.29%"
"10/06/1996","23.98","23.80","24.70","23.54","82.71K","0.55%"
"09/29/1996","23.85","23.52","23.88","22.67","111.71K","1.62%"
"09/22/1996","23.47","22.03","23.49","21.83","94.94K","6.73%"
"09/15/1996","21.99","22.52","22.55","21.50","95.72K","-8.83%"
"09/08/1996","24.12","22.54","24.39","22.31","99.92K","7.01%"
"09/01/1996","22.54","21.48","22.85","21.45","116.16K","8.47%"
"08/25/1996","20.78","20.12","21.00","19.95","87.31K","1.81%"
"08/18/1996","20.41","20.60","20.98","20.16","95.05K","-0.58%"
"08/11/1996","20.53","20.01","20.81","19.87","84.72K","3.01%"
"08/04/1996","19.93","19.90","20.05","19.21","103.09K","1.74%"
"07/28/1996","19.59","18.84","19.78","18.67","113.87K","4.65%"
"07/21/1996","18.72","19.15","19.57","18.67","95.82K","-2.60%"
"07/14/1996","19.22","19.93","20.55","19.06","95.41K","-3.95%"
"07/07/1996","20.01","19.65","20.05","19.11","98.88K","1.37%"
"06/30/1996","19.74","18.93","19.80","18.91","83.64K","4.39%"
"06/23/1996","18.91","18.00","19.24","17.95","100.08K","4.71%"
"06/16/1996","18.06","17.93","18.80","17.89","108.10K","1.18%"
"06/09/1996","17.85","18.33","18.43","17.48","96.78K","-2.35%"
"06/02/1996","18.28","17.76","18.59","17.62","106.09K","2.70%"
"05/26/1996","17.80","19.23","19.23","17.75","96.19K","-6.81%"
"05/19/1996","19.10","17.53","19.40","16.75","143.35K","8.89%"
"05/12/1996","17.54","19.30","19.57","17.52","90.90K","-7.93%"
"05/05/1996","19.05","19.28","19.68","18.67","82.95K","-0.63%"
"04/28/1996","19.17","19.82","19.93","18.56","93.29K","-3.18%"
"04/21/1996","19.80","18.41","20.87","18.36","121.45K","6.85%"
"04/14/1996","18.53","21.45","21.98","18.08","137.92K","-14.80%"
"04/07/1996","21.75","20.58","23.30","20.45","120.45K","7.41%"
"03/31/1996","20.25","19.40","20.30","19.38","61.84K","4.33%"
"03/24/1996","19.41","19.50","20.30","18.92","114.39K","-1.07%"
"03/17/1996","19.62","18.25","19.63","18.20","128.00K","7.92%"
"03/10/1996","18.18","18.05","19.20","17.78","99.29K","-0.05%"
"03/03/1996","18.19","17.55","18.53","17.20","117.93K","2.42%"
"02/25/1996","17.76","17.75","18.11","17.45","103.71K","1.20%"
"02/18/1996","17.55","17.10","18.45","17.05","81.01K","2.63%"
"02/11/1996","17.10","16.76","18.03","16.72","101.25K","1.91%"
"02/04/1996","16.78","16.71","16.90","16.43","98.36K","0.42%"
"01/28/1996","16.71","16.65","16.89","15.93","114.49K","1.33%"
"01/21/1996","16.49","16.81","17.05","16.10","125.22K","-3.68%"
"01/14/1996","17.12","17.51","17.85","16.60","97.09K","-1.67%"
"01/07/1996","17.41","19.25","19.31","17.26","129.80K","-8.61%"
"12/31/1995","19.05","18.55","19.07","18.27","85.91K","3.93%"
"12/24/1995","18.33","18.13","18.53","18.10","44.06K","2.86%"
"12/17/1995","17.82","17.80","17.98","17.71","72.26K","-0.06%"
"12/10/1995","17.83","17.79","18.12","17.33","106.10K","0.39%"
"12/03/1995","17.76","17.30","17.80","17.27","110.92K","2.96%"
"11/26/1995","17.25","16.82","17.30","16.82","111.87K","2.74%"
"11/19/1995","16.79","16.88","16.89","16.61","72.49K","-0.83%"
"11/12/1995","16.93","16.63","17.01","16.41","103.10K","2.11%"
"11/05/1995","16.58","16.71","16.75","16.35","96.81K","-0.30%"
"10/29/1995","16.63","16.27","16.71","16.21","90.26K","2.15%"
"10/22/1995","16.28","15.92","16.36","15.70","111.54K","2.52%"
"10/15/1995","15.88","16.40","16.40","15.74","75.16K","-2.16%"
"10/08/1995","16.23","15.78","16.26","15.77","93.51K","2.98%"
"10/01/1995","15.76","16.16","16.27","15.58","105.76K","-2.23%"
"09/24/1995","16.12","16.06","16.40","15.99","98.43K","1.00%"
"09/17/1995","15.96","16.79","16.92","15.83","124.93K","-5.00%"
"09/10/1995","16.80","16.75","17.04","16.68","105.36K","0.36%"
"09/03/1995","16.74","16.45","16.89","16.45","102.19K","1.89%"
"08/27/1995","16.43","16.17","16.45","16.05","69.53K","1.61%"
"08/20/1995","16.17","16.12","16.51","16.10","110.77K","0.81%"
"08/13/1995","16.04","16.14","16.17","15.76","77.67K","-1.35%"
"08/06/1995","16.26","16.21","16.38","16.09","70.27K","0.18%"
"07/30/1995","16.23","15.95","16.37","15.92","94.30K","1.37%"
"07/23/1995","16.01","15.53","16.34","15.41","108.28K","2.69%"
"07/16/1995","15.59","15.95","16.00","15.45","97.70K","-2.93%"
"07/09/1995","16.06","16.05","16.40","15.80","92.77K","0.06%"
"07/02/1995","16.05","16.40","16.40","16.00","68.99K","-2.01%"
"06/25/1995","16.38","16.42","16.96","16.27","92.28K","-0.43%"
"06/18/1995","16.45","17.24","17.24","16.20","119.11K","-5.13%"
"06/11/1995","17.34","17.70","17.96","17.33","76.67K","-1.98%"
"06/04/1995","17.69","17.96","18.24","17.46","83.90K","-1.39%"
"05/28/1995","17.94","17.65","17.96","17.33","74.42K","3.34%"
"05/21/1995","17.36","18.55","18.56","17.31","106.37K","-5.60%"
"05/14/1995","18.39","18.48","18.92","18.16","95.99K","-0.70%"
"05/07/1995","18.52","18.90","18.95","18.12","86.81K","-2.53%"
"04/30/1995","19.00","19.25","19.38","18.40","100.13K","-0.31%"
"04/23/1995","19.06","18.80","19.17","18.41","121.64K","1.44%"
"04/16/1995","18.79","18.25","18.82","18.21","113.00K","6.64%"
"04/09/1995","17.62","18.14","18.97","17.48","151.13K","-3.35%"
"04/02/1995","18.23","17.42","18.36","17.28","122.93K","4.17%"
"03/26/1995","17.50","17.10","17.60","17.10","102.46K","2.22%"
"03/19/1995","17.12","16.70","17.35","16.70","113.07K","2.95%"
"03/12/1995","16.63","16.47","16.68","16.36","86.76K","1.03%"
"03/05/1995","16.46","16.88","17.02","16.40","92.38K","-2.43%"
"02/26/1995","16.87","17.10","17.16","16.55","86.26K","-1.23%"
"02/19/1995","17.08","17.18","17.18","16.80","86.91K","-0.35%"
"02/12/1995","17.14","17.47","17.57","16.63","70.79K","-1.10%"
"02/05/1995","17.33","17.28","17.35","16.95","133.84K","0.76%"
"01/29/1995","17.20","16.39","17.22","16.35","133.05K","4.94%"
"01/22/1995","16.39","16.85","17.08","16.33","144.21K","-2.85%"
"01/15/1995","16.87","16.35","16.98","16.26","129.27K","2.99%"
"01/08/1995","16.38","16.45","16.78","16.11","105.07K","-0.73%"
"01/01/1995","16.50","16.48","16.82","16.05","103.05K","0.00%"
"12/25/1994","16.50","16.25","16.60","16.20","50.41K","3.64%"
"12/18/1994","15.92","15.91","16.10","15.84","57.90K","0.25%"
"12/11/1994","15.88","16.20","16.35","15.60","110.88K","-2.34%"
"12/04/1994","16.26","16.25","16.56","15.70","110.17K","0.43%"
"11/27/1994","16.19","17.15","17.17","16.07","95.11K","-5.65%"
"11/20/1994","17.16","17.00","17.25","16.82","106.40K","2.63%"
"11/13/1994","16.72","17.33","17.65","16.34","123.50K","-4.24%"
"11/06/1994","17.46","17.70","17.70","16.85","112.40K","-1.58%"
"10/30/1994","17.74","17.08","17.94","16.74","125.34K","4.29%"
"10/23/1994","17.01","16.36","17.07","16.28","130.64K","4.61%"
"10/16/1994","16.26","15.78","16.63","15.76","108.93K","2.85%"
"10/09/1994","15.81","17.25","17.25","15.62","97.78K","-6.62%"
"10/02/1994","16.93","17.10","17.32","16.70","104.21K","-1.28%"
"09/25/1994","17.15","16.65","17.20","16.20","115.70K","2.94%"
"09/18/1994","16.66","15.83","16.70","15.72","92.42K","5.51%"
"09/11/1994","15.79","16.34","16.35","15.35","83.74K","-2.65%"
"09/04/1994","16.22","16.15","16.69","15.85","86.31K","-0.61%"
"08/28/1994","16.32","16.04","16.60","16.04","75.16K","1.75%"
"08/21/1994","16.04","16.39","16.49","15.60","98.46K","-1.60%"
"08/14/1994","16.30","17.00","17.14","16.25","138.55K","-3.83%"
"08/07/1994","16.95","18.15","18.26","16.90","101.17K","-5.10%"
"07/31/1994","17.86","18.90","19.41","17.70","120.99K","-3.93%"
"07/24/1994","18.59","17.85","18.68","17.50","127.24K","4.20%"
"07/17/1994","17.84","17.68","17.94","17.18","104.49K","0.39%"
"07/10/1994","17.77","17.40","18.67","17.40","147.04K","2.30%"
"07/03/1994","17.37","17.59","17.59","17.01","78.03K","-1.14%"
"06/26/1994","17.57","17.37","17.73","16.92","98.62K","1.09%"
"06/19/1994","17.38","17.20","17.76","17.04","106.16K","-0.17%"
"06/12/1994","17.41","16.39","17.42","16.26","90.43K","6.22%"
"06/05/1994","16.39","16.37","16.57","15.73","108.37K","0.12%"
"05/29/1994","16.37","16.39","16.72","16.17","73.81K","-0.12%"
"05/22/1994","16.39","16.49","16.79","15.95","99.44K","-0.97%"
"05/15/1994","16.55","16.40","16.58","15.70","133.90K","-0.24%"
"05/08/1994","16.59","16.32","16.72","15.90","129.05K","1.90%"
"05/01/1994","16.28","15.85","16.34","15.45","109.35K","3.76%"
"04/24/1994","15.69","15.65","15.87","15.08","118.02K","-0.32%"
"04/17/1994","15.74","15.10","15.75","14.70","135.66K","4.10%"
"04/10/1994","15.12","14.35","15.16","14.35","109.54K","5.29%"
"04/03/1994","14.36","14.20","14.66","14.05","101.46K","8.38%"
"03/27/1994","13.25","13.30","13.40","12.95","93.95K","-6.09%"
"03/20/1994","14.11","13.75","14.15","13.62","106.02K","3.52%"
"03/13/1994","13.63","13.55","14.09","13.43","108.59K","-0.15%"
"03/06/1994","13.65","13.40","13.67","12.99","98.13K","1.49%"
"02/27/1994","13.45","13.54","13.71","13.33","84.53K","-0.15%"
"02/20/1994","13.47","13.11","13.72","13.05","94.94K","2.67%"
"02/13/1994","13.12","13.82","13.93","12.90","89.18K","-3.74%"
"02/06/1994","13.63","14.31","14.41","13.33","111.02K","-5.41%"
"01/30/1994","14.41","14.31","15.13","14.05","102.84K","0.70%"
"01/23/1994","14.31","13.75","14.43","13.68","125.60K","3.17%"
"01/16/1994","13.87","14.05","14.23","13.72","126.29K","-0.50%"
"01/09/1994","13.94","14.25","14.30","13.44","127.01K","-2.04%"
"01/02/1994","14.23","13.55","14.58","13.42","120.22K","7.80%"
"12/26/1993","13.20","13.25","13.53","13.20","40.01K","-3.23%"
"12/19/1993","13.64","13.68","13.84","13.43","82.27K","0.59%"
"12/12/1993","13.56","14.16","14.25","13.32","141.28K","-3.35%"
"12/05/1993","14.03","14.10","14.20","13.27","131.50K","-0.36%"
"11/28/1993","14.08","14.15","14.64","13.64","139.97K","-2.76%"
"11/21/1993","14.48","15.88","16.07","14.18","146.35K","-8.30%"
"11/14/1993","15.79","15.51","16.22","15.38","101.13K","1.94%"
"11/07/1993","15.49","15.85","15.92","15.21","115.65K","-2.33%"
"10/31/1993","15.86","15.90","16.41","15.60","121.51K","0.38%"
"10/24/1993","15.80","16.82","16.86","15.80","126.38K","-6.23%"
"10/17/1993","16.85","16.90","17.24","16.77","99.70K","-0.47%"
"10/10/1993","16.93","17.24","17.48","16.86","87.77K","-1.51%"
"10/03/1993","17.19","17.42","17.44","16.86","99.52K","-0.64%"
"09/26/1993","17.30","16.55","17.57","16.31","165.68K","6.20%"
"09/19/1993","16.29","16.23","16.98","15.90","162.21K","0.99%"
"09/12/1993","16.13","15.68","16.16","15.53","74.46K","2.67%"
"09/05/1993","15.71","16.59","16.62","15.47","108.13K","-4.96%"
"08/29/1993","16.53","17.33","17.38","16.52","99.42K","-5.33%"
"08/22/1993","17.46","17.15","17.55","16.95","114.68K","2.17%"
"08/15/1993","17.09","17.09","17.21","16.85","73.78K","0.29%"
"08/08/1993","17.04","16.40","17.17","16.25","103.90K","3.90%"
"08/01/1993","16.40","16.70","16.84","16.30","88.70K","-2.09%"
"07/25/1993","16.75","16.77","17.27","16.68","116.57K","0.36%"
"07/18/1993","16.69","16.25","17.06","15.90","144.57K","2.33%"
"07/11/1993","16.31","16.85","17.10","16.23","106.06K","-2.04%"
"07/04/1993","16.65","16.80","17.20","16.44","97.85K","-0.54%"
"06/27/1993","16.74","17.60","17.78","16.65","111.20K","-4.07%"
"06/20/1993","17.45","17.65","17.73","17.33","89.88K","-0.63%"
"06/13/1993","17.56","17.73","17.84","17.32","105.00K","-0.57%"
"06/06/1993","17.66","18.33","18.45","17.55","105.69K","-3.55%"
"05/30/1993","18.31","18.61","18.77","18.26","64.37K","-1.56%"
"05/23/1993","18.60","18.43","18.73","18.31","81.75K","0.92%"
"05/16/1993","18.43","18.48","18.53","18.10","98.05K","-0.91%"
"05/09/1993","18.60","19.25","19.27","18.51","89.64K","-3.07%"
"05/02/1993","19.19","19.25","19.30","18.96","78.82K","0.21%"
"04/25/1993","19.15","18.98","19.24","18.72","67.36K","1.27%"
"04/18/1993","18.91","18.82","18.98","18.71","77.49K","0.53%"
"04/11/1993","18.81","18.98","19.03","18.73","79.20K","0.21%"